subject	sample	replicate	adriftRead.linkerBarcode.start	adriftRead.linkerBarcode.end	adriftRead.linker.seq	index1.seq	vectorFastaFile	refGenome.id	adriftRead.linkerRandomID.start	adriftRead.linkerRandomID.end
pM50	GTSP2160	1	1	20	TACGCTATGTCGACCGTGACNNNNNNNNNNNNCTCCGCTTAAGGGACT	TCGTTGGATGGT	vectorSeqs_ITR_to_ITR.fasta	canFam3	21	32
pM50	GTSP2161	1	1	20	GTAGGTCTAAAGCGGGCAAGNNNNNNNNNNNNCTCCGCTTAAGGGACT	TCGTTGGATGGT	vectorSeqs_ITR_to_ITR.fasta	canFam3	21	32
pM50	GTSP2162	1	1	20	GACTAACGACCGAGATTGGCNNNNNNNNNNNNCTCCGCTTAAGGGACT	TCGTTGGATGGT	vectorSeqs_ITR_to_ITR.fasta	canFam3	21	32
pM66	GTSP2163	1	1	20	CGGTCAGCATTCGTTGGTAGNNNNNNNNNNNNCTCCGCTTAAGGGACT	TCGTTGGATGGT	vectorSeqs_ITR_to_ITR.fasta	canFam3	21	32
pM66	GTSP2164	1	1	20	GAAGAACTTCGCCTCTAGGCNNNNNNNNNNNNCTCCGCTTAAGGGACT	TCGTTGGATGGT	vectorSeqs_ITR_to_ITR.fasta	canFam3	21	32
pM66	GTSP2165	1	1	20	GTACGCCATCGTGTTTCCTGNNNNNNNNNNNNCTCCGCTTAAGGGACT	TCGTTGGATGGT	vectorSeqs_ITR_to_ITR.fasta	canFam3	21	32
pLinus	GTSP2166	1	1	20	CCTACTCGCAATCTGTGCACNNNNNNNNNNNNCTCCGCTTAAGGGACT	TCGTTGGATGGT	vectorSeqs_ITR_to_ITR.fasta	canFam3	21	32
pLinus	GTSP2167	1	1	20	CTCATAGACCGGAACCGGAANNNNNNNNNNNNCTCCGCTTAAGGGACT	TCGTTGGATGGT	vectorSeqs_ITR_to_ITR.fasta	canFam3	21	32
pLinus	GTSP2168	1	1	20	TACGGATGGTCTGAGGGCTTNNNNNNNNNNNNCTCCGCTTAAGGGACT	TCGTTGGATGGT	vectorSeqs_ITR_to_ITR.fasta	canFam3	21	32
NTC	NTC1	1	1	20	CGGTCAAGAATTGCCGAACCNNNNNNNNNNNNCTCCGCTTAAGGGACT	TCGTTGGATGGT	vectorSeqs_ITR_to_ITR.fasta	canFam3	21	32
pH19	GTSP2169	1	1	20	CGTTCTCCGACAATGGTTGGNNNNNNNNNNNNCTCCGCTTAAGGGACT	TCGTTGGATGGT	vectorSeqs_ITR_to_ITR.fasta	canFam3	21	32
pH19	GTSP2170	1	1	20	ACTCGGTAACTCACCGGATGNNNNNNNNNNNNCTCCGCTTAAGGGACT	TCGTTGGATGGT	vectorSeqs_ITR_to_ITR.fasta	canFam3	21	32
pH19	GTSP2171	1	1	20	TGTCGTGAATCCGTGTGTCCNNNNNNNNNNNNCTCCGCTTAAGGGACT	TCGTTGGATGGT	vectorSeqs_ITR_to_ITR.fasta	canFam3	21	32
pJ60	GTSP2172	1	1	20	AGTCCGCATTGAGCAATGGCNNNNNNNNNNNNCTCCGCTTAAGGGACT	TCGTTGGATGGT	vectorSeqs_ITR_to_ITR.fasta	canFam3	21	32
pJ60	GTSP2173	1	1	20	GTTGCCGAACATGACGGGATNNNNNNNNNNNNCTCCGCTTAAGGGACT	TCGTTGGATGGT	vectorSeqs_ITR_to_ITR.fasta	canFam3	21	32
pJ60	GTSP2174	1	1	20	ACTGGCGTACGTCTAGGCAANNNNNNNNNNNNCTCCGCTTAAGGGACT	TCGTTGGATGGT	vectorSeqs_ITR_to_ITR.fasta	canFam3	21	32
pM06	GTSP2175	1	1	20	TGTGAACGCGAGAACCTCTGNNNNNNNNNNNNCTCCGCTTAAGGGACT	TCGTTGGATGGT	vectorSeqs_ITR_to_ITR.fasta	canFam3	21	32
pM06	GTSP2176	1	1	20	TCCTCGGACAGACTACCTAGNNNNNNNNNNNNCTCCGCTTAAGGGACT	TCGTTGGATGGT	vectorSeqs_ITR_to_ITR.fasta	canFam3	21	32
pM06	GTSP2177	1	1	20	TACGGCGAACGACAAGGCATNNNNNNNNNNNNCTCCGCTTAAGGGACT	TCGTTGGATGGT	vectorSeqs_ITR_to_ITR.fasta	canFam3	21	32
pHO2	GTSP2178	1	1	20	GCGCGAATGGAAATCGGTAGNNNNNNNNNNNNCTCCGCTTAAGGGACT	TCGTTGGATGGT	vectorSeqs_ITR_to_ITR.fasta	canFam3	21	32
pM12	GTSP2179	1	1	20	GAGAACGGTTGACGTGTTCGNNNNNNNNNNNNCTCCGCTTAAGGGACT	TCGTTGGATGGT	vectorSeqs_ITR_to_ITR.fasta	canFam3	21	32
NTC	NTC2	1	1	20	CCATAGCACGGGTTTACGTCNNNNNNNNNNNNCTCCGCTTAAGGGACT	TCGTTGGATGGT	vectorSeqs_ITR_to_ITR.fasta	canFam3	21	32
