trial	subject	sample	posid	nReads	nFrags	nUMIs	leaderSeq
validation	validationSubject	sample1	chr1+164747791	150	5	5	TCTGCGCGCTCGCTC
validation	validationSubject	sample1	chr1+167239330	150	5	5	TCTGCGCGCTCGCTCGCTCACTGCGACCAAAGGTCGCCCGACGCCC
validation	validationSubject	sample1	chr1+227678416	150	5	5	TCTGCGCGCTCGCTCGCGCTTTGCCCGGGCGGCCTCAGT
validation	validationSubject	sample1	chr1+52860060	150	5	5	TCTGCGCGCTCGCTCGCGCGCTCGCTCGCTCACTGAGGCCTCTGCGCGCTCGCTCGGCTTTGCCCGGGCGGCCTCAGTG
validation	validationSubject	sample1	chr1-68556594	150	5	5	TCTGCGCGCTCGCTCGCTCACTGAGCGACGCCCGGGCTTTGCCCGGGCGGCCTCATCTGCGCGCTCGCTCGCTCACTGAGAGGTCGCCCGACGCCCGGGCTTTGCCCGTCTGCGCGCTCGCTCGCTCACTGAGGCTTTGCCCGGGCGGCCTCAGT
validation	validationSubject	sample1	chr1-76623482	150	5	5	TCTGCGCGCTCGCTCGCTCACTTCTGCGCGCTCGCTCGCTCACTG
validation	validationSubject	sample1	chr10+105592795	150	5	5	TCTGCGCGCTCGCTCGCTCACTGCGCGCTCGCTCGCTCACTGAGGCCGG
validation	validationSubject	sample1	chr10+127474072	150	5	5	TCTGCGCGCTCGCTCGCTGCGCGCTCGCTCGCTCACTGAGGCCGGG
validation	validationSubject	sample1	chr10+48955611	150	5	5	TCTGCGCGCTCGCTCGCTCACAGGTCGCCCGACGCCCGGGCTTTGCCCGTCTGCGCGCTCGCTCGCTCACAAGGTCGCCCGACGCCCGGGCT
validation	validationSubject	sample1	chr10+68558787	150	5	5	TCTGCGCGCTCGCTCGCTCACTGGCTCGCTCGCTCACTGAGGCCGGGCGATCTGCGCGCTCGCTCGCTCACTGGACCAAAGGTCGCCCGACGCCCG
validation	validationSubject	sample1	chr10-3620363	150	5	5	TCTGCGCGCTCGCTCGCTCACTGAG
validation	validationSubject	sample1	chr10-41533031	150	5	5	TCTGCGCGCTCGCTCGCTCCGCCCGGGCTTTGCCCGGGCGTCTGCGCGCTCGCTCGCTCAGGTCGCCCGACGCCCGGGCTTTGCCCGGTCTGCGCGCTCGCTCGCTCCTTTGCCCGGGCGGCCTCAG
validation	validationSubject	sample1	chr11+101669076	150	5	5	TCTGCGCGCTCGCTCGCGCTCGCTCGCTCACTTCTGCGCGCTCGCTCGCTCGCTCGCTCACTGAGGCCGGG
validation	validationSubject	sample1	chr11+116517434	150	5	5	TCTGCGCGCTCGCTCGCTCACGCTCGCTCGCTCACTGAGGCCGGGCGATCTGCGCGCTCGCTCGCTCACCCGACGCCCGGGCTTTTCTGCGCGCTCGCTCGCTCACCTCACTGAGGCCGGGC
validation	validationSubject	sample1	chr11+119334909	150	5	5	TCTGCGCGCTCGCTCGCGCGCTCGCTCGCTCACT
validation	validationSubject	sample1	chr11+33227124	150	5	5	TCTGCGCGCTCGCTCGCTCTTTGCCCGGGCGGCCTCAGTG
validation	validationSubject	sample1	chr11+47762281	150	5	5	TCTGCGCGCTCGCTCGCT
validation	validationSubject	sample1	chr11+81695226	150	5	5	TCTGCGCGCTCGCTCGCTCCACTGAGGCCGGGCGACCAAAGGTC
validation	validationSubject	sample1	chr11+93623006	150	5	5	TCTGCGCGCTCGCTCGCTCAC
validation	validationSubject	sample1	chr11-117805512	150	5	5	TCTGCGCGCTCGCTCGCTCACTGAGCGCTCGCTCGCTCACTGAGTCTGCGCGCTCGCTCGCTCACTGAGCCGGGCGACCAAAGGTCGCCC
validation	validationSubject	sample1	chr11-28847526	150	5	5	TCTGCGCGCTCGCTCGCTC
validation	validationSubject	sample1	chr11-44517527	150	5	5	TCTGCGCGCTCGCTCGCTCGCCCGACGCCCGGGCTTTGCCCGTCTGCGCGCTCGCTCGCTCCCCGACGCCCGGGCTTTGCC
validation	validationSubject	sample1	chr11-52257726	150	5	5	TCTGCGCGCTCGCTCGCTCACGGTCGCCCGACGCCCGGTCTGCGCGCTCGCTCGCTCACCCGGGCTTTGCCCGGGCGGCCTCATCTGCGCGCTCGCTCGCTCACCTCGCTCGCTCACTGAGGCCGGGCGAC
validation	validationSubject	sample1	chr11-53468449	150	5	5	TCTGCGCGCTCGCTCGCGCTTTGCCCGGGCGGCCTCAGTCTGCGCGCTCGCTCGCCGACCAAAGGTCGCCCGACGCCCGGGCTTTTCTGCGCGCTCGCTCGCTGAGGCCGGGCGACCAAAGGTCGCCCGA
validation	validationSubject	sample1	chr11-92931107	150	5	5	TCTGCGCGCTCGCTCG
validation	validationSubject	sample1	chr12+80138748	150	5	5	TCTGCGCGCTCGCTCTCGCTCACTGAGGCCGGGCGACTCTGCGCGCTCGCTCCGCTCACTGAGGCCGGGCTCTGCGCGCTCGCTCGCGCTCGCTCGCTCACTGAGGCCGGG
validation	validationSubject	sample1	chr12-3777903	150	5	5	TCTGCGCGCTCGCTCGGCCCGGGCTTTGCCCGGGCGGCCTCAG
validation	validationSubject	sample1	chr12-47817993	150	5	5	TCTGCGCGCTCGCTCGCCCCGACGCCCGGGCTTTGCCCGGGCG
validation	validationSubject	sample1	chr12-60216730	150	5	5	TCTGCGCGCTCGCTCGCTCACTGAGGCCGGGCGACCAAAGGTCGCCTCTGCGCGCTCGCTCGCTCACTGGGCTTTGCCCGGGCGGCC
validation	validationSubject	sample1	chr12-68430146	150	5	5	TCTGCGCGCTCGCTCGCTCACTGAACCAAAGGTCGCCCGACGCCCGGGCTTTGC
validation	validationSubject	sample1	chr13+102216275	150	5	5	TCTGCGCGCTCGCTCGCTCACTGGGCGACCAAAGGTCGCCCGACGCCCGGGCTCTGCGCGCTCGCTCGCTCACTGCCCGGGCGGCCTCAG
validation	validationSubject	sample1	chr13+27528623	150	5	5	TCTGCGCGCTCGCTCG
validation	validationSubject	sample1	chr13+48890745	150	5	5	TCTGCGCGCTCGCTCGCTCACTGGGGCGACCAAAGGTCGCCCGACGCCCGG
validation	validationSubject	sample1	chr13+56624676	150	5	5	TCTGCGCGCTCGCTCGCTCACTGACCAAAGGTCGCCCGACGCCTCTGCGCGCTCGCTCGCTCACTGACGCCCGGGCTTTGCCCGGGCGGCCTCAGT
validation	validationSubject	sample1	chr13+81807480	150	5	5	TCTGCGCGCTCGCTCGCTCA
validation	validationSubject	sample1	chr13+87276019	150	5	5	TCTGCGCGCTCGCTCGCGCTCGCTCGCTCACTGAGGCC
validation	validationSubject	sample1	chr13-70016943	150	5	5	TCTGCGCGCTCGCTCG
validation	validationSubject	sample1	chr13-82374875	150	5	5	TCTGCGCGCTCGCTCGCTCACACGCCCGGGCTTTGCCTCTGCGCGCTCGCTCGCTCACGCCCGGGCTTTGCCCGGGCGGCCTCAGTTCTGCGCGCTCGCTCGCTCACGCTCGCTCGCTCACTGAG
validation	validationSubject	sample1	chr13-96196622	150	5	5	TCTGCGCGCTCGCTCGCTCAGCGCGCTCGCTCGCTCACTTCTGCGCGCTCGCTCGCTCAACCAAAGGTCGCCCGAC
validation	validationSubject	sample1	chr14+43330602	150	5	5	TCTGCGCGCTCGCTCGCTCAAGGTCGCCCGACGCCCGGGCTTTGCCCGTCTGCGCGCTCGCTCGCTCGCTCACTGAGGCCGGGCGACCAA
validation	validationSubject	sample1	chr14+46522486	150	5	5	TCTGCGCGCTCGCTCGCTCACGGCGACCAAAGGTCGCCCGTCTGCGCGCTCGCTCGCTCACGCCCGGGCTTTGCCCGGGCGGCCTCTCTGCGCGCTCGCTCGCTCACCCGGGCGACCAAAGGTCGCCCGA
validation	validationSubject	sample1	chr14+47184138	150	5	5	TCTGCGCGCTCGCTCGCTCA
validation	validationSubject	sample1	chr14-88086683	150	5	5	TCTGCGCGCTCGCTCGCTGGCTTTGCCCGGGCGGCCTCAGTGTCTGCGCGCTCGCTCGCTACTGAGGCCGGGCGACCAAATCTGCGCGCTCGCTCGCTTCTGCGCGCTCGCTCGC
validation	validationSubject	sample1	chr14-98989867	150	5	5	TCTGCGCGCTCGCTCGCTGCCCGGGCGGCCTCAG
validation	validationSubject	sample1	chr15+32658894	150	5	5	TCTGCGCGCTCGCTCGCTCACCAAAGGTCGCCCGACGCCCGGTCTGCGCGCTCGCTCGCTCAGCGCTCGCTCGCTCACTGA
validation	validationSubject	sample1	chr15+37630627	150	5	5	TCTGCGCGCTCGCTCCCGGGCGACCAAAGGTCGCCCGA
validation	validationSubject	sample1	chr15+53432429	150	5	5	TCTGCGCGCTCGCTCG
validation	validationSubject	sample1	chr15+76608303	150	5	5	TCTGCGCGCTCGCTCGCTCACTTGAGGCCGGGCGACCAAAGGTCGCCCGA
validation	validationSubject	sample1	chr15+87429592	150	5	5	TCTGCGCGCTCGCTCGC
validation	validationSubject	sample1	chr15+93423281	150	5	5	TCTGCGCGCTCGCTCG
validation	validationSubject	sample1	chr15+93696201	150	5	5	TCTGCGCGCTCGCTCGCAGGCCGGGCGACCAAAGTCTGCGCGCTCGCTCGCCGCTCGCTCGCTCACTGAGGCC
validation	validationSubject	sample1	chr15-27577275	150	5	5	TCTGCGCGCTCGCTCGCGACGCCCGGGCTTTGCCCGGGTCTGCGCGCTCGCTCGACGCCCGGGCTTTGCC
validation	validationSubject	sample1	chr15-68217734	150	5	5	TCTGCGCGCTCGCTCGCTAAGGTCGCCCGACGCCCGGTCTGCGCGCTCGCTCGCTCGCTCGCTCACTGAGGCCGGGCGACCAA
validation	validationSubject	sample1	chr16+13117897	150	5	5	TCTGCGCGCTCGCTCGCTCATCTGCGCGCTCGCTCGC
validation	validationSubject	sample1	chr16+1908084	150	5	5	TCTGCGCGCTCGCTCGCTCACTGAGAGGTCGCCCGACGCCCGGGCTTTG
validation	validationSubject	sample1	chr16+56086823	150	5	5	TCTGCGCGCTCGCTCGCTCCGCCCGACGCCCGGGCTTT
validation	validationSubject	sample1	chr16+81003027	150	5	5	TCTGCGCGCTCGCTCGCTCACTGGCCGGGCGACCAAAGGTCGTCTGCGCGCTCGCTCGCTCACTGACCAAAGGTCGCCCGACGCCCTCTGCGCGCTCGCTCGCTCACTCGGGCTTTGCCCGGGCGGCCTCAG
validation	validationSubject	sample1	chr16-89812441	150	5	5	TCTGCGCGCTCGCTCGCTCACTCTTTGCCCGGGCGGCCTCAGTTCTGCGCGCTCGCTCGCTCACTCGCCCGGGCTTTGCCCGGGCTCTGCGCGCTCGCTCGCTCACTCGCTCACTGAGGCCGGGC
validation	validationSubject	sample1	chr17+12344444	150	5	5	TCTGCGCGCTCGCTC
validation	validationSubject	sample1	chr17+57464000	150	5	5	TCTGCGCGCTCGCTCGCTCACTGAGCGACCAAAGGTCGCCCGACGTCTGCGCGCTCGCTCGCTCACTGAGCCCGACGCCCGGGCTTTGCCCGGGCG
validation	validationSubject	sample1	chr17+70525487	150	5	5	TCTGCGCGCTCGCTCTCTGCGCGCTCGCTCGCTCACTGAGGC
validation	validationSubject	sample1	chr17+79423773	150	5	5	TCTGCGCGCTCGCTCGCTCACTG
validation	validationSubject	sample1	chr17-39466883	150	5	5	TCTGCGCGCTCGCTCGCTCACTCGACGCCCGGGCTTTGCCC
validation	validationSubject	sample1	chr17-81497323	150	5	5	TCTGCGCGCTCGCTCG
validation	validationSubject	sample1	chr18+62343325	150	5	5	TCTGCGCGCTCGCTCGCTCACTGGGTCGCCCGACGCCCGTCTGCGCGCTCGCTCGCTCACTGGCTCGCTCGCTCACTGATCTGCGCGCTCGCTCGCTCACTGCGCTCACTGAGGCCGGGC
validation	validationSubject	sample1	chr18+73227999	150	5	5	TCTGCGCGCTCGCTCGCTCACTGAGGTCGCCCGACGCCCGGGCTTTGCCCTCTGCGCGCTCGCTCGCTCACTGAGTCGCCCGACGCCCGGGCTTTGCTCTGCGCGCTCGCTCGCTCACTGAGGAGGCCGGGCGACCAAAGGTC
validation	validationSubject	sample1	chr18-15354468	150	5	5	TCTGCGCGCTCGCTCGCTCACTG
validation	validationSubject	sample1	chr18-60926613	150	5	5	TCTGCGCGCTCGCTCGTCTGCGCGCTCGCTCGCTCACTGAGTCTGCGCGCTCGCTCGAGGCCGGGCGACCAAAGGTCGCCCGACGCCTCTGCGCGCTCGCTCGTTGCCCGGGCGGCCTCAGTG
validation	validationSubject	sample1	chr18-70527166	150	5	5	TCTGCGCGCTCGCTCGCCTGCGCGCTCGCTCGCTCACTGAG
validation	validationSubject	sample1	chr18-7907541	150	5	5	TCTGCGCGCTCGCTCGCTCACCGACGCCCGGGCTTTGCCCGGGCG
validation	validationSubject	sample1	chr19+23605038	150	5	5	TCTGCGCGCTCGCTCGCTCACTGAGGCTTTGCCCGGGCGGCCTCAGTCTGCGCGCTCGCTCGCTCACTGAGGCCCGGGCTTTGCCCGGGCGGCC
validation	validationSubject	sample1	chr19+38073824	150	5	5	TCTGCGCGCTCGCTCG
validation	validationSubject	sample1	chr19+4352979	150	5	5	TCTGCGCGCTCGCTCGCTCACTGAGCTCACTGAGGCCGGGCGACCAATCTGCGCGCTCGCTCGCTCACTGAGTCGCCCGACGCCCGGGTCTGCGCGCTCGCTCGCTCACTGAGTCGCCCGACGCCCGGGCTTTGCCCGGGCG
validation	validationSubject	sample1	chr19+5811662	150	5	5	TCTGCGCGCTCGCTCGCTCACTGA
validation	validationSubject	sample1	chr19-17377311	150	5	5	TCTGCGCGCTCGCTCGCTCAGGTCGCCCGACGCCCGGGCTTCTGCGCGCTCGCTCGCTCATGAGGCCGGGCGACCAAAGGTCGCTCTGCGCGCTCGCTCGCTCAGGCCGGGCGACCAAAGGTCGCCC
validation	validationSubject	sample1	chr19-43707539	150	5	5	TCTGCGCGCTCGCTCGCTCACTCGCTCGCTCACTGAGGCCGGGCGACTCTGCGCGCTCGCTCGCTCACAAGGTCGCCCGACGCCCGTCTGCGCGCTCGCTCGCTCACGACCAAAGGTCGCCCGACGCCCG
validation	validationSubject	sample1	chr2+12621233	150	5	5	TCTGCGCGCTCGCTCG
validation	validationSubject	sample1	chr2+5243916	150	5	5	TCTGCGCGCTCGCTCGCAAAGGTCGCCCGACGCTCTGCGCGCTCGCTCGCGCCCGACGCCCGGGCTTTGCCCGGGCGGCC
validation	validationSubject	sample1	chr2+9030996	150	5	5	TCTGCGCGCTCGCTCGCTCACTGAGACTGAGGCCGGGCGACCAAAGGTCGCCC
validation	validationSubject	sample1	chr2-14141238	150	5	5	TCTGCGCGCTCGCTCGCTCACTGACGCGCTCGCTCGCTCACTGA
validation	validationSubject	sample1	chr2-179402897	150	5	5	TCTGCGCGCTCGCTCGCTCACGCCCGGGCTTTGCCCGGGCGGCTCTGCGCGCTCGCTCGCTCCTCACTGAGGCCGGGCGACCAAAGGTCG
validation	validationSubject	sample1	chr2-199710068	150	5	5	TCTGCGCGCTCGCTCGCTC
validation	validationSubject	sample1	chr2-85645065	150	5	5	TCTGCGCGCTCGCTCGCTGGTCGCCCGACGCCCGTCTGCGCGCTCGCTCGCTGTCGCCCGACGCCCGGGCTTTGCCCG
validation	validationSubject	sample1	chr20+46174872	150	5	5	TCTGCGCGCTCGCTCGCTTCACTGAGGCCGGGCGACCAAAGGTCGTCTGCGCGCTCGCTCGCTGGCGACCAAAGGTCGCCCGA
validation	validationSubject	sample1	chr20+62015325	150	5	5	TCTGCGCGCTCGCTCGCTCACTGCGCGCTCGCTCGCTCACTGTCTGCGCGCTCGCTCGCTCACTGCTGAGGCCGGGCGACCAAAGGTCTCTGCGCGCTCGCTCGCTCACTGGCGACCAAAGGTCGCCCGACGCC
validation	validationSubject	sample1	chr20-10472472	150	5	5	TCTGCGCGCTCGCTCGCTCACTGATGAGGCCGGGCGACCAAATCTGCGCGCTCGCTCGCTCACTGAGCGCTCGCTCGCTCACTGA
validation	validationSubject	sample1	chr20-32988254	150	5	5	TCTGCGCGCTCGCTCGAGGCCGGGCGACCAAAGGTCGCCCGACTCTGCGCGCTCGCTCCAAAGGTCGCCCGACGCCCGGGCTTTGTCTGCGCGCTCGCTCAGGCCGGGCGACCAAA
validation	validationSubject	sample1	chr20-58654233	150	5	5	TCTGCGCGCTCGCTCGCTCACTGAAGGCCGGGCGACCAAAGGTC
validation	validationSubject	sample1	chr21+15932589	150	5	5	TCTGCGCGCTCGCTCGCTCACTCACTGAGGCCGGGCGATCTGCGCGCTCGCTCGCTCACTTGCCCGGGCGGCCTCA
validation	validationSubject	sample1	chr21+40546686	150	5	5	TCTGCGCGCTCGCTCGGCGACCAAAGGTCGCCCGACGCCCGGGTCTGCGCGCTCGCTCGCGACGCCCGGGCTTTGCCCGGGCGGCCTCATCTGCGCGCTCGCTCGGACGCCCGGGCTTTGCCCGGGCGGCCTCA
validation	validationSubject	sample1	chr21+41617697	150	5	5	TCTGCGCGCTCGCTCGCTCACTGAAAGGTCGCCCGACGCCTCTGCGCGCTCGCTCGCTCACTGTCACTGAGGCCGGGCGACCAAAGGTTCTGCGCGCTCGCTCGCTCACTGCGCTCGCTCACTGAGGCCGGG
validation	validationSubject	sample1	chr21-14384378	150	5	5	TCTGCGCGCTCGCTCGC
validation	validationSubject	sample1	chr21-16071795	150	5	5	TCTGCGCGCTCGCTCGCTCACT
validation	validationSubject	sample1	chr21-34335995	150	5	5	TCTGCGCGCTCGCTCGCTCA
validation	validationSubject	sample1	chr21-7240480	150	5	5	TCTGCGCGCTCGCTCGC
validation	validationSubject	sample1	chr22+13131092	150	5	5	TCTGCGCGCTCGCTCGCTCACTGGCTTTGCCCGGGCGGCTCTGCGCGCTCGCTCGCTCACTTCGCCCGACGCCCGGGCTTTGCCCGGGCGTCTGCGCGCTCGCTCGCTCACTCGACGCCCGGGCTTTGCCCGGGCGGCC
validation	validationSubject	sample1	chr22+29400902	150	5	5	TCTGCGCGCTCGCTCGCGCTCGCTCACTGAGGCTCTGCGCGCTCGCTCGCGCTCACTGAGGCCGG
validation	validationSubject	sample1	chr22+38011445	150	5	5	TCTGCGCGCTCGCTCGCTCACTGGCCCGGGCTTTGCCCGGGCGGCCTCAGTCTGCGCGCTCGCTCGCTCACTGGCTCGCTCACTGAGGCCGTCTGCGCGCTCGCTCGCTCACTGCTGCGCGCTCGCTCGCTCAC
validation	validationSubject	sample1	chr22+47490107	150	5	5	TCTGCGCGCTCGCTCGCTCACTGA
validation	validationSubject	sample1	chr22+50630654	150	5	5	TCTGCGCGCTCGCTCGCTCACTGAGCCCGGGCTTTGCCCGGGCGGCCTCTGCGCGCTCGCTCGCTCACTGATCGCTCGCTCACTGAGGCCGGGCGACCATCTGCGCGCTCGCTCGCTCACTGACCCGACGCCCGGGCTTTGCCCGGGCG
validation	validationSubject	sample1	chr22-11776055	150	5	5	TCTGCGCGCTCGCTCGCTCGACGCCCGGGCTTTGCCCTCTGCGCGCTCGCTCGCTCGACCAAAGGTCGCCCGACGCCC
validation	validationSubject	sample1	chr22-20368007	150	5	5	TCTGCGCGCTCGCTCGCTCGCTCACTGAGGCCGGGCTCTGCGCGCTCGCTCGCTCCGCTCACTGAGGCCGGGC
validation	validationSubject	sample1	chr22-25446639	150	5	5	TCTGCGCGCTCGCTCGCTCCCAAAGGTCGCCCGACGCCCGGTCTGCGCGCTCGCTCGCTCGCCCGACGCCCGGGCTTTGCCCGGGTCTGCGCGCTCGCTCGCTCGCTCGCTCACTGAGGCCGGGCGACCA
validation	validationSubject	sample1	chr22-28379299	150	5	5	TCTGCGCGCTCGCTCGCTCACTGTGAGGCCGGGCGACCAAAGGTCGCCCG
validation	validationSubject	sample1	chr22-31920277	150	5	5	TCTGCGCGCTCGCTCG
validation	validationSubject	sample1	chr22-34085608	150	5	5	TCTGCGCGCTCGCTCGCT
validation	validationSubject	sample1	chr22-39033650	150	5	5	TCTGCGCGCTCGCTCAGGCCGGGCGACCAAAGGTCGCCCGACGTCTGCGCGCTCGCTCACCAAAGGTCGCCCGACGCCCGGGCTTTGCTCTGCGCGCTCGCTCTCACTGAGGCCGGGCGACCAAAGGTCG
validation	validationSubject	sample1	chr22-49358398	150	5	5	TCTGCGCGCTCGCTCGCTCACCGCGCTCGCTCGCTCACTGA
validation	validationSubject	sample1	chr3+119850965	150	5	5	TCTGCGCGCTCGCTCGCGCCCGACGCCCGGGCTTTGCCCGGGCGTCTGCGCGCTCGCTCGCCCGACGCCCGGGCTTTGCCCGTCTGCGCGCTCGCTCGCGCTCACTGAGGCCGGGC
validation	validationSubject	sample1	chr3-108351188	150	5	5	TCTGCGCGCTCGCTCGCTCACCTGAGGCCGGGCGACCAAAGGTCGCTCTGCGCGCTCGCTCGCTCACGTCGCCCGACGCCCGGGCTTCTGCGCGCTCGCTCGCTCACCTGCGCGCTCGCTCGCTCACTGAGGC
validation	validationSubject	sample1	chr3-190683283	150	5	5	TCTGCGCGCTCGCTCGCT
validation	validationSubject	sample1	chr3-62953871	150	5	5	TCTGCGCGCTCGCTCCCCGGGCTTTGCCCGGGCGGCCTCTGCGCGCTCGCTCTCGCTCGCTCACTGAGGCCGGG
validation	validationSubject	sample1	chr3-72990500	150	5	5	TCTGCGCGCTCGCTCGCTCACTGGCCCGGGCTTTGCCCGGGCGGCCTCTCTGCGCGCTCGCTCGCTCACTGCGCTCGCTCGCTCACTGAGGCCGGGCGACCTCTGCGCGCTCGCTCGCTCACTGGCCCGGGCTTTGCCCGGGCG
validation	validationSubject	sample1	chr4+18102101	150	5	5	TCTGCGCGCTCGCTC
validation	validationSubject	sample1	chr4+189896916	150	5	5	TCTGCGCGCTCGCTCGCTCACTGCTCACTGAGGCCGGGCGTCTGCGCGCTCGCTCGCTCACTGACCAAAGGTCGCCCGACGCCCGGGCTTTGC
validation	validationSubject	sample1	chr4+4271609	150	5	5	TCTGCGCGCTCGCTCGC
validation	validationSubject	sample1	chr4-149865304	150	5	5	TCTGCGCGCTCGCTCGCAAGGTCGCCCGACGCCCGGGCTTTGCCCGTCTGCGCGCTCGCTCGCCGGGCGACCAAAGGTCGCCCGACGCCCGTCTGCGCGCTCGCTCGCCAAAGGTCGCCCGACGCCCGGGCTTTG
validation	validationSubject	sample1	chr4-43455550	150	5	5	TCTGCGCGCTCGCTCGCACTGAGGCCGGGCGACCATCTGCGCGCTCGCTCGGGTCGCCCGACGCCCGGGCTTTGCCCGTCTGCGCGCTCGCTCGCTGCGCGCTCGCTCGCTCACTGAG
validation	validationSubject	sample1	chr4-58983744	150	5	5	TCTGCGCGCTCGCTCGCTCACT
validation	validationSubject	sample1	chr4-76787291	150	5	5	TCTGCGCGCTCGCTCGCTCCTGAGGCCGGGCGACCAAAGGT
validation	validationSubject	sample1	chr4-95510556	150	5	5	TCTGCGCGCTCGCTCCGACCAAAGGTCGCCCGACGCCCTCTGCGCGCTCGCTCGGGCGACCAAAGGTCGCCCG
validation	validationSubject	sample1	chr4-97695793	150	5	5	TCTGCGCGCTCGCTCTCGCCCGACGCCCGGGCTTTGTCTGCGCGCTCGCTCCGCTCACTGAGGCCGGGCGACCA
validation	validationSubject	sample1	chr5+129819204	150	5	5	TCTGCGCGCTCGCTCGCTCACCCGGGCGGCCTCAGTG
validation	validationSubject	sample1	chr5+134487690	150	5	5	TCTGCGCGCTCGCTCGCTCACTGCCCGGGCGGCCTCAGTGTCTGCGCGCTCGCTCGCTCACTGCGGGCGACCAAAGGTCGCCCGACGCCCGG
validation	validationSubject	sample1	chr5+151524282	150	5	5	TCTGCGCGCTCGCTCGCTCACTGA
validation	validationSubject	sample1	chr5+3514824	150	5	5	TCTGCGCGCTCGCTCGCTCACTG
validation	validationSubject	sample1	chr5+60540416	150	5	5	TCTGCGCGCTCGCTCGCCGGGCTTTGCCCGGGCGGCCTCATCTGCGCGCTCGCTCGTGCGCGCTCGCTCGCTCACTGAGGCCGGGC
validation	validationSubject	sample1	chr5-124667538	150	5	5	TCTGCGCGCTCGCTCGCTCCTCACTGAGGCCGGGCTCTGCGCGCTCGCTCGCTCCCGGGCTTTGCCCGGGCGGCCTCAG
validation	validationSubject	sample1	chr5-141304104	150	5	5	TCTGCGCGCTCGCTCGCTCACTGAGCTGCGCGCTCGCTCGCTCACTCTGCGCGCTCGCTCGCTCACTGAGGGCGACCAAAGGTCGCCCGACGCC
validation	validationSubject	sample1	chr5-171849961	150	5	5	TCTGCGCGCTCGCTCGCTCACTGAGCTGCGCGCTCGCTCGCTCACTGAGGCCGTCTGCGCGCTCGCTCGCTCACTGAGGCCGGGCGACCAAAGGTCGCCCTCTGCGCGCTCGCTCGCTCACTGAGGCGACCAAAGGTCGCCCGACG
validation	validationSubject	sample1	chr6+135314066	150	5	5	TCTGCGCGCTCGCTCGCTCGCTCACTGAGGCCGGGCGACTCTGCGCGCTCGCTCGAGGTCGCCCGACGCCCGGGCTTTTCTGCGCGCTCGCTCGGCCCGGGCTTTGCCCGGGCGGCC
validation	validationSubject	sample1	chr6+165700437	150	5	5	TCTGCGCGCTCGCTCGCTCACT
validation	validationSubject	sample1	chr6-2410665	150	5	5	TCTGCGCGCTCGCTCGCTCGCCCGGGCTTTGCCCGGGCGGCCTCTCTGCGCGCTCGCTCGCTCTCGCCCGACGCCCGGGCTTTGCCCGGGCGGTCTGCGCGCTCGCTCGCTCCCGGGCGACCAAAGGTCGCCCGACG
validation	validationSubject	sample1	chr6-25117984	150	5	5	TCTGCGCGCTCGCTCGCTCACCCGGGCGACCAAAGGTCGCCCGACG
validation	validationSubject	sample1	chr7+137508262	150	5	5	TCTGCGCGCTCGCTCG
validation	validationSubject	sample1	chr7-106265231	150	5	5	TCTGCGCGCTCGCTCGCTCA
validation	validationSubject	sample1	chr7-158599113	150	5	5	TCTGCGCGCTCGCTCGCTCACTGACGCTCGCTCACTGAGGCCGGGCGACC
validation	validationSubject	sample1	chr7-25446591	150	5	5	TCTGCGCGCTCGCTCG
validation	validationSubject	sample1	chr8+105265217	150	5	5	TCTGCGCGCTCGCTCGCT
validation	validationSubject	sample1	chr8+127583641	150	5	5	TCTGCGCGCTCGCTCGCTCA
validation	validationSubject	sample1	chr8+54486138	150	5	5	TCTGCGCGCTCGCTCGCTCACTCTGCGCGCTCGCTCGCTCACTCTGCGCGCTCGCTCGCTCACTGGGCTTTGCCCGGGCGGCCTCAGTTCTGCGCGCTCGCTCGCTCACTCCCGGGCTTTGCCCGGGCG
validation	validationSubject	sample1	chr8+77674291	150	5	5	TCTGCGCGCTCGCTCGCTCACTCGACGCCCGGGCTTTGC
validation	validationSubject	sample1	chr8+91048358	150	5	5	TCTGCGCGCTCGCTCGGCTCGCTCGCTCACTGATCTGCGCGCTCGCTCGAGGCCGGGCGACCAAAGTCTGCGCGCTCGCTCGGAGGCCGGGCGACCAAAGGTC
validation	validationSubject	sample1	chr8-2136721	150	5	5	TCTGCGCGCTCGCTCGCTCA
validation	validationSubject	sample1	chr8-59998810	150	5	5	TCTGCGCGCTCGCTCGCCAAAGGTCGCCCGACGCCCGGGCTTTGTCTGCGCGCTCGCTCGCCGACCAAAGGTCGCCC
validation	validationSubject	sample1	chr9+106947107	150	5	5	TCTGCGCGCTCGCTCGCGGCCGGGCGACCAAAGGTCGTCTGCGCGCTCGCTCGCCAAAGGTCGCCCGACGCCCGGGCTTTGTCTGCGCGCTCGCTCGCCCGGGCTTTGCCCGGGCGGCCTCAGTG
validation	validationSubject	sample1	chr9+64683302	150	5	5	TCTGCGCGCTCGCTCGCTCGCCCGGGCTTTGCCCGGTCTGCGCGCTCGCTCGCTCGGGCGACCAAAGGTCGCCCGACGCCCGGGC
validation	validationSubject	sample1	chr9+84518796	150	5	5	TCTGCGCGCTCGCTCGCGGTCGCCCGACGCCCGGTCTGCGCGCTCGCTCGCCTGAGGCCGGGCGACCAAAG
validation	validationSubject	sample1	chr9-100632244	150	5	5	TCTGCGCGCTCGCTCGCTCACTCGCCCGGGCTTTGCCCGTCTGCGCGCTCGCTCGCTCACTCTCGCTCACTGAGGCCGGGCGACCAATCTGCGCGCTCGCTCGCTCACTGCGCGCTCGCTCGCTCACTGAG
validation	validationSubject	sample1	chr9-116568569	150	5	5	TCTGCGCGCTCGCTCGCGGTCGCCCGACGCCCGGGCTTTGCCCTCTGCGCGCTCGCTCGCACGCCCGGGCTTTGCC
validation	validationSubject	sample1	chr9-38757112	150	5	5	TCTGCGCGCTCGCTCGCTCACTG
validation	validationSubject	sample1	chr9-70057179	150	5	5	TCTGCGCGCTCGCTCGCTCACTGAGCGCGCTCGCTCGCTCACTGAGGCCGTCTGCGCGCTCGCTCGCTCACTGAGCGGGCGACCAAAGGTCGCCCTCTGCGCGCTCGCTCGCTCACTGAGCCGGGCTTTGCCCGGGCGGCCTCAGTG
validation	validationSubject	sample1	chrX+104328742	150	5	5	TCTGCGCGCTCGCTCGCTGAGGCCGGGCGACCAAAGGTCTCTGCGCGCTCGCTCGACGCCCGGGCTTTGCCTCTGCGCGCTCGCTCGCGCCCGGGCTTTGCCCGGGCGGCCTCAGT
validation	validationSubject	sample1	chrX+111053706	150	5	5	TCTGCGCGCTCGCTCGCT
validation	validationSubject	sample1	chrX+11267901	150	5	5	TCTGCGCGCTCGCTCGCTAAGGTCGCCCGACGCCCG
validation	validationSubject	sample1	chrX+115543191	150	5	5	TCTGCGCGCTCGCTCGCTCACTCTGAGGCCGGGCGACCAAAGGTCTGCGCGCTCGCTCGCTCACTCTGCGCGCTCGCTCGCTCACTGAG
validation	validationSubject	sample1	chrX+115927394	150	5	5	TCTGCGCGCTCGCTCGAGGTCGCCCGACGCCCGGGCTTTGCCTCTGCGCGCTCGCTCGCCGACGCCCGGGCTTTGCTCTGCGCGCTCGCTCGTCTGCGCGCTCGCTCGCTCACTG
validation	validationSubject	sample1	chrX+91814753	150	5	5	TCTGCGCGCTCGCTCGCTCGCCGGGCGACCAAAGGTCGCCC
validation	validationSubject	sample1	chrX-155057154	150	5	5	TCTGCGCGCTCGCTCGCTC
validation	validationSubject	sample2	chr1+12768183	150	5	5	TCTGCGCGCTCGCTCGCACCAAAGGTCGCCCGAC
validation	validationSubject	sample2	chr1+18002150	150	5	5	TCTGCGCGCTCGCTCGCTCACTGAGCCAAAGGTCGCCCGACGCTCTGCGCGCTCGCTCGCTCACTGAGCTCACTGAGGCCGGGCGACCAAAGGTCGCC
validation	validationSubject	sample2	chr1+220687492	150	5	5	TCTGCGCGCTCGCTCGCTCTCACTGAGGCCGGGCGACCTCTGCGCGCTCGCTCGCTGCTCGCTCACTGAGGCCG
validation	validationSubject	sample2	chr1+3551812	150	5	5	TCTGCGCGCTCGCTC
validation	validationSubject	sample2	chr1+60026707	150	5	5	TCTGCGCGCTCGCTCGCTCACTGAG
validation	validationSubject	sample2	chr1+91221960	150	5	5	TCTGCGCGCTCGCTCCAAAGGTCGCCCGACGCCCGGGCTTTGTCTGCGCGCTCGCTCTCGCCCGACGCCCGGGCTTTGCCCGGGCGGTCTGCGCGCTCGCTCAAGGTCGCCCGACGCCCGGGCTTTGCCCG
validation	validationSubject	sample2	chr1-104365692	150	5	5	TCTGCGCGCTCGCTCGGCGCTCGCTCGCTCACTGAGGCCGGGCTCTGCGCGCTCGCTCGTCGCTCGCTCACTGAGGCCGGGCGACCATCTGCGCGCTCGCTCGCTCACTGAGGCCGGGCGACCAAAGGTCG
validation	validationSubject	sample2	chr1-111841765	150	5	5	TCTGCGCGCTCGCTCGCCGGGCGACCAAAGGTCGCCCGACGCCCG
validation	validationSubject	sample2	chr1-113396430	150	5	5	TCTGCGCGCTCGCTCGCTCAC
validation	validationSubject	sample2	chr1-227678413	150	5	5	TCTGCGCGCTCGCTCTCGCTCACTGAGGCCGGGCGACTCTGCGCGCTCGCTCGAGGCCGGGCGACCAAAGGTCGCCTCTGCGCGCTCGCTCGACGCCCGGGCTTTGCCCG
validation	validationSubject	sample2	chr1-51684134	150	5	5	TCTGCGCGCTCGCTCCTTTGCCCGGGCGGCCTCATCTGCGCGCTCGCTCTGAGGCCGGGCGACCAAAGGTCGCCCG
validation	validationSubject	sample2	chr1-94508230	150	5	5	TCTGCGCGCTCGCTCGCTCAGCGCTCGCTCGCTCACTGAGGCCGGGCGTCTGCGCGCTCGCTCGCTCATCACTGAGGCCGGGCGACCAAAGGT
validation	validationSubject	sample2	chr10+101336226	150	5	5	TCTGCGCGCTCGCTCGCTCACTGAGCTCGCTCACTGAGGCCGGGCGACCAATCTGCGCGCTCGCTCGCTCACTGAGGCGACCAAAGGTCGCCCGACGCCCGGGCTCTGCGCGCTCGCTCGCTCACTGAGCCAAAGGTCGCCCGACGCCCGGGCT
validation	validationSubject	sample2	chr10+119303282	150	5	5	TCTGCGCGCTCGCTCGCTCACTGAGGCCGGGCGACCAAAGGTCGC
validation	validationSubject	sample2	chr10+77582350	150	5	5	TCTGCGCGCTCGCTCGCTCACTGAGCTTTGCCCGGGCGGCCTCAGTGTCTGCGCGCTCGCTCGCTCACTGAGCGCTCACTGAGGCCGGGC
validation	validationSubject	sample2	chr10-120526891	150	5	5	TCTGCGCGCTCGCTCGCTCACTGAGTCGCCCGACGCCCGGGCTTTGCCCGTCTGCGCGCTCGCTCGCTCACTGAGGGCTTTGCCCGGGCGGCC
validation	validationSubject	sample2	chr10-17499998	150	5	5	TCTGCGCGCTCGCTCGCTCCGCCCGGGCTTTGCCCGGGCGTCTGCGCGCTCGCTCGCTCGGGCGACCAAAGGTCGCCCG
validation	validationSubject	sample2	chr10-82341932	150	5	5	TCTGCGCGCTCGCTCGCCGCCCGACGCCCGGGCTTTG
validation	validationSubject	sample2	chr11+105047133	150	5	5	TCTGCGCGCTCGCTCGGCCCGGGCTTTGCCCGGGCGGCCTCAGTGTCTGCGCGCTCGCTCGGGTCGCCCGACGCCCGGTCTGCGCGCTCGCTCGCGGGCTTTGCCCGGGCGGCCTCAG
validation	validationSubject	sample2	chr11+120771630	150	5	5	TCTGCGCGCTCGCTCGCTCACTGAGGCCGGGCGACCAAAGGTCGCCCGTCTGCGCGCTCGCTCGCTCACTGCTGAGGCCGGGCGACCAAAG
validation	validationSubject	sample2	chr11+28837457	150	5	5	TCTGCGCGCTCGCTCGCTCACTGAGTCGCTCACTGAGGCCGGGCGATCTGCGCGCTCGCTCGCTCACTGAGGGCTTTGCCCGGGCGGCCTTCTGCGCGCTCGCTCGCTCACTGAGTCACTGAGGCCGGGCG
validation	validationSubject	sample2	chr11+66332007	150	5	5	TCTGCGCGCTCGCTCGCTCACTGAGCTCACTGAGGCCGGGCGACCAAAGGTCGTCTGCGCGCTCGCTCGCTCACTGAGGGTCGCCCGACGCCCGGGCTTTGCCCTCTGCGCGCTCGCTCGCTCACTGAGTCGCTCGCTCACTGAGGCCGGG
validation	validationSubject	sample2	chr11+88281136	150	5	5	TCTGCGCGCTCGCTC
validation	validationSubject	sample2	chr11+99870687	150	5	5	TCTGCGCGCTCGCTCGCTCACTGAGCCGGGCGACCAAAGGTTCTGCGCGCTCGCTCGCTCACTGAGGCCGGGCGACCAAAGGTCTCTGCGCGCTCGCTCGCTCACTGAGGTCGCCCGACGCCCGGG
validation	validationSubject	sample2	chr11-101131259	150	5	5	TCTGCGCGCTCGCTCGCTCATGCGCGCTCGCTCGCTCAC
validation	validationSubject	sample2	chr11-48702965	150	5	5	TCTGCGCGCTCGCTCGCTCA
validation	validationSubject	sample2	chr11-61694667	150	5	5	TCTGCGCGCTCGCTCGCTACTGAGGCCGGGCGACCTCTGCGCGCTCGCTCGCTGGGCTTTGCCCGGGCGGCCTCAGTG
validation	validationSubject	sample2	chr11-63111585	150	5	5	TCTGCGCGCTCGCTCGCAGGCCGGGCGACCAAAGGTCGCCCGACGTCTGCGCGCTCGCTCGCACCAAAGGTCGCCCGACGCCCGGG
validation	validationSubject	sample2	chr11-87242908	150	5	5	TCTGCGCGCTCGCTCGCTCACTCCCGGGCTTTGCCCGGGCGGCCTCAGTGTCTGCGCGCTCGCTCGCTCACTGCTTTGCCCGGGCGGCCTCAGTCTGCGCGCTCGCTCGCTCACTCGCGCTCGCTCGCTCACTGAGGCCG
validation	validationSubject	sample2	chr12+101486715	150	5	5	TCTGCGCGCTCGCTCGCTGCTCGCTCACTGAGGCCGGGCGACCA
validation	validationSubject	sample2	chr12+34428552	150	5	5	TCTGCGCGCTCGCTCGCTCACTGAAGGCCGGGCGACCAAAGGTCTGCGCGCTCGCTCGCTCACTGAGAGGCCGGGCGACCAAAGGTCGCCCGTCTGCGCGCTCGCTCGCTCACTGAACCAAAGGTCGCCCGACGCCCGGGCTTTGC
validation	validationSubject	sample2	chr12+70970528	150	5	5	TCTGCGCGCTCGCTCGAGGTCGCCCGACGCCCGGGCT
validation	validationSubject	sample2	chr12+91846263	150	5	5	TCTGCGCGCTCGCTCGCTCACTGA
validation	validationSubject	sample2	chr12-101486712	150	5	5	TCTGCGCGCTCGCTCGCAGGCCGGGCGACCAAAGGTC
validation	validationSubject	sample2	chr12-31258910	150	5	5	TCTGCGCGCTCGCTCG
validation	validationSubject	sample2	chr12-8266434	150	5	5	TCTGCGCGCTCGCTCGCTCACTGAGAGGCCGGGCGACCAAAGGTCGCCCGAC
validation	validationSubject	sample2	chr12-84784192	150	5	5	TCTGCGCGCTCGCTCGCTCGTCGCCCGACGCCCGGGTCTGCGCGCTCGCTCGCTCCGCTCGCTCGCTCACTGAGG
validation	validationSubject	sample2	chr12-88583476	150	5	5	TCTGCGCGCTCGCTCGCTCACGGGCGACCAAAGGTCGCCCGACGCCCGGTCTGCGCGCTCGCTCGCTCAGGGCTTTGCCCGGGCGGCCTCAGTG
validation	validationSubject	sample2	chr12-9845106	150	5	5	TCTGCGCGCTCGCTCGCTCGCCCGACGCCCGGGCTTTGCCCGGGCTCTGCGCGCTCGCTCGCGCGCTCGCTCGCTCACTGAGGCCGGGCGTCTGCGCGCTCGCTCGCCTGCGCGCTCGCTCGCTCACTGAGGC
validation	validationSubject	sample2	chr13+85708025	150	5	5	TCTGCGCGCTCGCTC
validation	validationSubject	sample2	chr13-64899536	150	5	5	TCTGCGCGCTCGCTCGCTCACCCGACGCCCGGGCTTTGCCCTCTGCGCGCTCGCTCGCTCACCTGAGGCCGGGCGACCAAAGGTCTGCGCGCTCGCTCGCTCACGGGCTTTGCCCGGGCGGCCTCAGTG
validation	validationSubject	sample2	chr14+27280211	150	5	5	TCTGCGCGCTCGCTCGCTC
validation	validationSubject	sample2	chr14+42550044	150	5	5	TCTGCGCGCTCGCTCGCTCA
validation	validationSubject	sample2	chr14+57539581	150	5	5	TCTGCGCGCTCGCTCGCTCA
validation	validationSubject	sample2	chr14+80093427	150	5	5	TCTGCGCGCTCGCTCGGAGGCCGGGCGACCAAATCTGCGCGCTCGCTCGCGGGCTTTGCCCGGGC
validation	validationSubject	sample2	chr14+96958884	150	5	5	TCTGCGCGCTCGCTCGCTCCGGGCGACCAAAGGTTCTGCGCGCTCGCTCGCTCGCTCGCTCGCTCACT
validation	validationSubject	sample2	chr14-26121727	150	5	5	TCTGCGCGCTCGCTCGCTCACTGTCGCTCACTGAGGCCGGGCGA
validation	validationSubject	sample2	chr14-74274564	150	5	5	TCTGCGCGCTCGCTCGCTCACTGAGGTCGCCCGACGCCCGGGCTTTGCCTCTGCGCGCTCGCTCGCTCACTGCTGAGGCCGGGCGACCAAAG
validation	validationSubject	sample2	chr14-75684122	150	5	5	TCTGCGCGCTCGCTCCTCGCTCGCTCACTGAGGCCGGGCTCTGCGCGCTCGCTCTCGCTCGCTCACTGAGGCCGGGCGACTCTGCGCGCTCGCTCGCCCGGGCTTTGCCCGGGCGGCCTCAG
validation	validationSubject	sample2	chr14-81229485	150	5	5	TCTGCGCGCTCGCTCGCTCACTGGACCAAAGGTCGCCCGACGCCC
validation	validationSubject	sample2	chr14-86561769	150	5	5	TCTGCGCGCTCGCTCGACCAAAGGTCGCCCGACGCCCGGGTCTGCGCGCTCGCTCGGGCGACCAAAGGTCGCCCGATCTGCGCGCTCGCTCGGACCAAAGGTCGCCCGACGCCC
validation	validationSubject	sample2	chr14-95618771	150	5	5	TCTGCGCGCTCGCTCGCTCACTGCGACGCCCGGGCTTTGTCTGCGCGCTCGCTCGCTCACTGTCGCCCGACGCCCGGGCTTTGCCCGGGCG
validation	validationSubject	sample2	chr15+100783670	150	5	5	TCTGCGCGCTCGCTCGCTCACTCTGCGCGCTCGCTCGCTCTGCGCGCTCGCTCGCTCACTTCACTGAGGCCGGGCGACCAAAGGT
validation	validationSubject	sample2	chr15+83169082	150	5	5	TCTGCGCGCTCGCTCGCTCACAGGCCGGGCGACCAAAGGTCTGCGCGCTCGCTCGCTCACGCGCTCGCTCGCTCACTGATCTGCGCGCTCGCTCGCTCACGCCGGGCGACCAAAGGTCGCCC
validation	validationSubject	sample2	chr15+92207728	150	5	5	TCTGCGCGCTCGCTCTCTGCGCGCTCGCTCGCTCACTCTGCGCGCTCGCTCCGCTCACTGAGGCCGGGCGACCA
validation	validationSubject	sample2	chr15-48206558	150	5	5	TCTGCGCGCTCGCTCGCTCACTGAGGCCGGGCGACCAAAGGTCGCCCGTCTGCGCGCTCGCTCGCTCACTGAGCTCACTGAGGCCGGGCGACCAAAGGTCGCCTCTGCGCGCTCGCTCGCTCACTGAGGGTCGCCCGACGCCCGGGCTTTGCCC
validation	validationSubject	sample2	chr15-68318144	150	5	5	TCTGCGCGCTCGCTCGCTCACTGAGCGCCCGGGCTTTGCCCGGGCGGCCTCAGTTCTGCGCGCTCGCTCGCTCACTGAGCGCTCGCTCACTGAGGCCGGG
validation	validationSubject	sample2	chr15-79199146	150	5	5	TCTGCGCGCTCGCTCGCTCACTGAGGCCCGGGCTTTGCCCGGGCGGCCTCTCTGCGCGCTCGCTCGCTCACTGAGTGAGGCCGGGCGACCAAAGGTCGCCCGACG
validation	validationSubject	sample2	chr15-88946375	150	5	5	TCTGCGCGCTCGCTCGCACTGAGGCCGGGCGACCAAAGGTTCTGCGCGCTCGCTCGCTCGCCCGACGCCCGGGCTTTG
validation	validationSubject	sample2	chr16+11839497	150	5	5	TCTGCGCGCTCGCTCGCTC
validation	validationSubject	sample2	chr16+6331835	150	5	5	TCTGCGCGCTCGCTCGCTCACTCCCGACGCCCGGGCTTTGCCCGGGCGTCTGCGCGCTCGCTCGCTCACTAGGTCGCCCGACGCCCGGGCTTTGCCCGTCTGCGCGCTCGCTCGCTCACTGACCAAAGGTCGCCCGACGC
validation	validationSubject	sample2	chr16+67624649	150	5	5	TCTGCGCGCTCGCTCCGGGCTTTGCCCGGGCGGCCTCAGTCTGCGCGCTCGCTCGCTCGCTCGCTCACTGAGGCCGGGCGA
validation	validationSubject	sample2	chr16+6892216	150	5	5	TCTGCGCGCTCGCTCGCTCACTGGCCCGGGCTTTGCCCGGGCGGCCTCAGTGTCTGCGCGCTCGCTCGCTCACTGGAGGCCGGGCGACCAAAGGTCTGCGCGCTCGCTCGCTCACTGGCTTTGCCCGGGCGGCCTCAGT
validation	validationSubject	sample2	chr16+84337137	150	5	5	TCTGCGCGCTCGCTCGCTCAGGCTTTGCCCGGGCGGCCTCAG
validation	validationSubject	sample2	chr16+85539008	150	5	5	TCTGCGCGCTCGCTCGCTCACTACTGAGGCCGGGCGACCTCTGCGCGCTCGCTCGCTCACTCGCCCGGGCTTTGCCCGGGCGTCTGCGCGCTCGCTCGCTCACTTGAGGCCGGGCGACCAAAGGT
validation	validationSubject	sample2	chr16-14902457	150	5	5	TCTGCGCGCTCGCTCGCTCACTGACGACCAAAGGTCGCCCGACGCCCGGGCTTTCTGCGCGCTCGCTCGCTCACTGAGCCCGACGCCCGGGCTTTGCCCGGGCGTCTGCGCGCTCGCTCGCTCACTGACCCGACGCCCGGGCTTTGCCCGGGCG
validation	validationSubject	sample2	chr16-27453493	150	5	5	TCTGCGCGCTCGCTCGCTCACCCCGGGCTTTGCCCGGGCGGCCTCAGTG
validation	validationSubject	sample2	chr17+15335984	150	5	5	TCTGCGCGCTCGCTCGTGAGGCCGGGCGACCAAAGGTCGCCCGACTCTGCGCGCTCGCTCGCTCACTGAGGCCGGGCGACCAAATCTGCGCGCTCGCTCGCACTGAGGCCGGGCGACCAAAGGTCGCCC
validation	validationSubject	sample2	chr17+18650896	150	5	5	TCTGCGCGCTCGCTCTCGCTCACTGAGGCCGGGCGACCAAAGGT
validation	validationSubject	sample2	chr17+3715225	150	5	5	TCTGCGCGCTCGCTCGCCGGGCTTTGCCCGGGCGGCCTCAG
validation	validationSubject	sample2	chr17+42102363	150	5	5	TCTGCGCGCTCGCTCGCTTTGCCCGGGCGGCCTCTCTGCGCGCTCGCTCGCCGACGCCCGGGCTTTGCCCGGG
validation	validationSubject	sample2	chr17+56363040	150	5	5	TCTGCGCGCTCGCTCGCTCA
validation	validationSubject	sample2	chr17+59980918	150	5	5	TCTGCGCGCTCGCTCGGGCGACCAAAGGTCGCCCG
validation	validationSubject	sample2	chr17+65812727	150	5	5	TCTGCGCGCTCGCTCGCTCAC
validation	validationSubject	sample2	chr17+82840849	150	5	5	TCTGCGCGCTCGCTCGCTGCGACCAAAGGTCGCCCGACGCC
validation	validationSubject	sample2	chr17-17202427	150	5	5	TCTGCGCGCTCGCTCGTGCGCGCTCGCTCGCTCACTGAGGCCGGGCTCTGCGCGCTCGCTCGAGGTCGCCCGACGCCCGGGCTTTGCCTCTGCGCGCTCGCTCGGCCCGGGCTTTGCCCGGGCGGCCTCAG
validation	validationSubject	sample2	chr17-26967516	150	5	5	TCTGCGCGCTCGCTCGCTTCGCTCACTGAGGCCGGGCGA
validation	validationSubject	sample2	chr17-27630347	150	5	5	TCTGCGCGCTCGCTCGCTCACTGCGCTCGCTCGCTCACTGAGTCTGCGCGCTCGCTCGCTCACTGTCGCCCGACGCCCGGGCTTTGCTCTGCGCGCTCGCTCGCTCACTGGCGCTCGCTCGCTCACTGA
validation	validationSubject	sample2	chr17-398724	150	5	5	TCTGCGCGCTCGCTCGCTCGCTCGCTCACTGAGGCCGGGCGACTCTGCGCGCTCGCTCGGCCCGACGCCCGGGCTTTGCCCGGGCGTCTGCGCGCTCGCTCGCGCGCTCGCTCGCTCAC
validation	validationSubject	sample2	chr17-7326300	150	5	5	TCTGCGCGCTCGCTCCCAAAGGTCGCCCGACGCCCGGGCTTTCTGCGCGCTCGCTCCCCGGGCTTTGCCCGGGCGGCCTCAGTGTCTGCGCGCTCGCTCCTCACTGAGGCCGGGCGACC
validation	validationSubject	sample2	chr17-7382193	150	5	5	TCTGCGCGCTCGCTCCGACGCCCGGGCTTTGCCCGGGTCTGCGCGCTCGCTCGACGCCCGGGCTTTGCCCGGGCGGCCTCTGCGCGCTCGCTCCCGGGCTTTGCCCGGGCGGCCTCAG
validation	validationSubject	sample2	chr18+59236926	150	5	5	TCTGCGCGCTCGCTCGCTCACTTGCCCGGGCGGCCTCAGTG
validation	validationSubject	sample2	chr18-2289628	150	5	5	TCTGCGCGCTCGCTCGCTCAGGCCGGGCGACCAAAGGTCGC
validation	validationSubject	sample2	chr18-3331979	150	5	5	TCTGCGCGCTCGCTCGTCGCTCACTGAGGCCGGGCGATCTGCGCGCTCGCTCGGCCGGGCGACCAAAGGTTCTGCGCGCTCGCTCGCTCGCTCACTGAGGCCGGGCGACC
validation	validationSubject	sample2	chr18-33389464	150	5	5	TCTGCGCGCTCGCTCGCTC
validation	validationSubject	sample2	chr18-40800378	150	5	5	TCTGCGCGCTCGCTCGCT
validation	validationSubject	sample2	chr18-64545481	150	5	5	TCTGCGCGCTCGCTCGCTCACGGCCGGGCGACCAAAGGTCGCTCTGCGCGCTCGCTCGCTCACTGAGGCCGGGCGACCAAAGGTCGCCCG
validation	validationSubject	sample2	chr18-75802043	150	5	5	TCTGCGCGCTCGCTCGCTCACTGATCGCTCACTGAGGCCGGGCGACCAAAGGTCTCTGCGCGCTCGCTCGCTCACTGAGCGCGCTCGCTCGCTCACTGAGGCCGGTCTGCGCGCTCGCTCGCTCACTGAAGGTCGCCCGACGCCC
validation	validationSubject	sample2	chr19+36597346	150	5	5	TCTGCGCGCTCGCTC
validation	validationSubject	sample2	chr19+39163890	150	5	5	TCTGCGCGCTCGCTCG
validation	validationSubject	sample2	chr19-22379381	150	5	5	TCTGCGCGCTCGCTCGCTCACTGTGAGGCCGGGCGACCAAAGGTCGCCCGAC
validation	validationSubject	sample2	chr19-34279732	150	5	5	TCTGCGCGCTCGCTCGACTGAGGCCGGGCGACCAAAGGTCGCCCGTCTGCGCGCTCGCTCGGCGACCAAAGGTCGCCCGACGCCCGGGCT
validation	validationSubject	sample2	chr19-37173398	150	5	5	TCTGCGCGCTCGCTCGAGGCCGGGCGACCAAAG
validation	validationSubject	sample2	chr19-45158437	150	5	5	TCTGCGCGCTCGCTCGCTCACGCCCGACGCCCGGGCTTTTCTGCGCGCTCGCTCGCTCAGCTCACTGAGGCCGGGC
validation	validationSubject	sample2	chr2+152007578	150	5	5	TCTGCGCGCTCGCTCGCTCACTGACTCACTGAGGCCGGGCGACTCTGCGCGCTCGCTCGCTCACTGATCACTGAGGCCGGGCGACCAAAGGTTCTGCGCGCTCGCTCGCTCACTGAGCCCGACGCCCGGGCTTTGCCCGGGCG
validation	validationSubject	sample2	chr2+174253453	150	5	5	TCTGCGCGCTCGCTCGCTCACTGAGCGCGCTCGCTCGCTCACTGAGGCC
validation	validationSubject	sample2	chr2+179402900	150	5	5	TCTGCGCGCTCGCTCGCTCACTGAGCGCGCTCGCTCGCTCACTGAGGCCTCTGCGCGCTCGCTCGCTCACTGAGGCGACCAAAGGTCGCCCGAC
validation	validationSubject	sample2	chr2+231718116	150	5	5	TCTGCGCGCTCGCTCGCTCACTGCGCGCTCGCTCGCTCACTGAGGCCTCTGCGCGCTCGCTCGCTCACTGAAAGGTCGCCCGACGCCCGGGCTTCTGCGCGCTCGCTCGCTCACTGCGACGCCCGGGCTTTGCCCGGG
validation	validationSubject	sample2	chr2+98822182	150	5	5	TCTGCGCGCTCGCTCGCTCACCTGCGCGCTCGCTCGCTCAC
validation	validationSubject	sample2	chr2-200217053	150	5	5	TCTGCGCGCTCGCTCGCGGCGACCAAAGGTCGCCCGACGCCTCTGCGCGCTCGCTCGCGCTCGCTCGCTCACTGAGGCCGGGCGAC
validation	validationSubject	sample2	chr2-239604207	150	5	5	TCTGCGCGCTCGCTCGCTCACTACTGAGGCCGGGCGACCAAATCTGCGCGCTCGCTCGCTCACTCTGCGCGCTCGCTCGC
validation	validationSubject	sample2	chr2-75300855	150	5	5	TCTGCGCGCTCGCTCGCTCACTG
validation	validationSubject	sample2	chr20+37953840	150	5	5	TCTGCGCGCTCGCTCGCTGGCTTTGCCCGGGCGGCCTCAGTGTCTGCGCGCTCGCTCGCTCGGGCTTTGCCCGGGCGGCCTCAGTGTCTGCGCGCTCGCTCGCTCTCACTGAGGCCGGGCG
validation	validationSubject	sample2	chr20+52242834	150	5	5	TCTGCGCGCTCGCTCGC
validation	validationSubject	sample2	chr20+5667905	150	5	5	TCTGCGCGCTCGCTCGCTCACTGA
validation	validationSubject	sample2	chr20+63017661	150	5	5	TCTGCGCGCTCGCTCGCTCACTGCCCGGGCTTTGCCCGGGTCTGCGCGCTCGCTCGCTCACTGCGCGCTCGCTCGCTCAC
validation	validationSubject	sample2	chr20-26775969	150	5	5	TCTGCGCGCTCGCTC
validation	validationSubject	sample2	chr20-40064083	150	5	5	TCTGCGCGCTCGCTCGCTCACT
validation	validationSubject	sample2	chr20-48630920	150	5	5	TCTGCGCGCTCGCTCGCTCACTGAG
validation	validationSubject	sample2	chr20-55107207	150	5	5	TCTGCGCGCTCGCTCGCT
validation	validationSubject	sample2	chr20-56596591	150	5	5	TCTGCGCGCTCGCTCGCCACTGAGGCCGGGCGACCAAAGGTCTGCGCGCTCGCTCGCGCTCGCTCACTGAGGCCGGGCGACCTCTGCGCGCTCGCTCGCAGGCCGGGCGACCAAAGGTCGCCCGACGCC
validation	validationSubject	sample2	chr21+12765114	150	5	5	TCTGCGCGCTCGCTCGCTCACTGACTGCGCGCTCGCTCGCTCACTG
validation	validationSubject	sample2	chr21+14672838	150	5	5	TCTGCGCGCTCGCTCGCTCACTCCAAAGGTCGCCCGACGCCTCTGCGCGCTCGCTCGCTCACTCGCCCGGGCTTTGCCCGGGCGTCTGCGCGCTCGCTCGCTCACTGCGACCAAAGGTCGCCCGACGCCCGGG
validation	validationSubject	sample2	chr21+25553771	150	5	5	TCTGCGCGCTCGCTCGCTCACTGAGGCCGGGCGACCAAAGGTCTCTGCGCGCTCGCTCGCTCACTGAGAGGCCGGGCGACCAAAGGTCTCTGCGCGCTCGCTCGCTCACTGAGCCAAAGGTCGCCCGACGCC
validation	validationSubject	sample2	chr21+29884765	150	5	5	TCTGCGCGCTCGCTCGCTCGCTCACTGAGGCCGGGCGACCTCTGCGCGCTCGCTCGCTGACGCCCGGGCTTTGCCCGGGCGGCCTCTGCGCGCTCGCTCGCTCGCTCGCTCGCTCACT
validation	validationSubject	sample2	chr21+32604297	150	5	5	TCTGCGCGCTCGCTCGGAGGCCGGGCGACCAAAGGTCGCCTCTGCGCGCTCGCTCGCACTGAGGCCGGGCGACCAAAGGTCTGCGCGCTCGCTCGCTCACTGAGGCCGGGCGACCAAA
validation	validationSubject	sample2	chr21-28536640	150	5	5	TCTGCGCGCTCGCTCGCTCACTACCAAAGGTCGCCCGACGCCC
validation	validationSubject	sample2	chr22+11776058	150	5	5	TCTGCGCGCTCGCTCGCTCACTGTCGCTCACTGAGGCCGGGCGACTCTGCGCGCTCGCTCGCTCACTGGCCCGGGCTTTGCCCGGGCGGCC
validation	validationSubject	sample2	chr22+26240060	150	5	5	TCTGCGCGCTCGCTCGCCGCGCTCGCTCGCTCACTGAGGCCTCTGCGCGCTCGCTCGCAGGCCGGGCGACCAAA
validation	validationSubject	sample2	chr22+42594995	150	5	5	TCTGCGCGCTCGCTC
validation	validationSubject	sample2	chr22+42648716	150	5	5	TCTGCGCGCTCGCTCGCTCACTCCCGGGCTTTGCCCGGGCGGCCTCTGCGCGCTCGCTCGCTCACTCGCCCGGGCTTTGCCCGGGCGGCCTCAGT
validation	validationSubject	sample2	chr22+45213105	150	5	5	TCTGCGCGCTCGCTCGTCTGCGCGCTCGCTCGCTCACTCTGCGCGCTCGCTCGAAGGTCGCCCGACGCCCGGGCT
validation	validationSubject	sample2	chr22+45244559	150	5	5	TCTGCGCGCTCGCTCGCTGACCAAAGGTCGCCCGACGCCCG
validation	validationSubject	sample2	chr22+49133305	150	5	5	TCTGCGCGCTCGCTCGCTCACTGA
validation	validationSubject	sample2	chr22-15512247	150	5	5	TCTGCGCGCTCGCTCGCTCACTGAG
validation	validationSubject	sample2	chr3+189440673	150	5	5	TCTGCGCGCTCGCTCGCTCA
validation	validationSubject	sample2	chr3+192927542	150	5	5	TCTGCGCGCTCGCTCGCTCGACCAAAGGTCGCCCGACGCCCGGGCTTTTCTGCGCGCTCGCTCGCTCTGAGGCCGGGCGACCAAAG
validation	validationSubject	sample2	chr3+24056526	150	5	5	TCTGCGCGCTCGCTCGCCGACGCCCGGGCTTTGCCCGGGCGGCCTCA
validation	validationSubject	sample2	chr3+55176654	150	5	5	TCTGCGCGCTCGCTCGCTCACGCCCGACGCCCGGGCTTTGCCCTCTGCGCGCTCGCTCGCTCACGACCAAAGGTCGCCCGACGCCCGGGCT
validation	validationSubject	sample2	chr3-109559617	150	5	5	TCTGCGCGCTCGCTCGCTCAGCTCACTGAGGCCGGGCGACCAAAGGTCTGCGCGCTCGCTCGCTCACCCGGGCTTTGCCCGGGCGGCCTCAGTGTCTGCGCGCTCGCTCGCTCAGGTCGCCCGACGCCCGGGCTT
validation	validationSubject	sample2	chr3-19954463	150	5	5	TCTGCGCGCTCGCTCGCTGCCCGGGCTTTGCCCGGGCGGCCTCAGTTCTGCGCGCTCGCTCGCTGAGGCCGGGCGACCAAAGG
validation	validationSubject	sample2	chr3-91966366	150	5	5	TCTGCGCGCTCGCTCGCTCACTCGCTCGCTCACTGAGGCCGGGCGATCTGCGCGCTCGCTCGCTCATCGCCCGACGCCCGGGCTT
validation	validationSubject	sample2	chr4+3231791	150	5	5	TCTGCGCGCTCGCTCGCTCACTGCGCGCTCGCTCGCTCACTCTGCGCGCTCGCTCGCTCAACGCCCGGGCTTTGCCCTCTGCGCGCTCGCTCGCTCACGGGCGACCAAAGGTCGCCCGACGCCCGG
validation	validationSubject	sample2	chr4-100421199	150	5	5	TCTGCGCGCTCGCTCGCTCACCCCGACGCCCGGGCTTTGCCCGGGCG
validation	validationSubject	sample2	chr4-109422313	150	5	5	TCTGCGCGCTCGCTCGCTCACTGGCGACCAAAGGTCGCCCGA
validation	validationSubject	sample2	chr4-148321056	150	5	5	TCTGCGCGCTCGCTCGCT
validation	validationSubject	sample2	chr4-79572238	150	5	5	TCTGCGCGCTCGCTCGCTGGCGACCAAAGGTCGCCCG
validation	validationSubject	sample2	chr5+115115976	150	5	5	TCTGCGCGCTCGCTCGCTCACTGATCGCCCGACGCCCGGGCTTTGTCTGCGCGCTCGCTCGCTCACTGATGCGCGCTCGCTCGCTCACTGAGGCCGGGCTCTGCGCGCTCGCTCGCTCACTGAGCGCGCTCGCTCGCTCACTGAG
validation	validationSubject	sample2	chr5+131794361	150	5	5	TCTGCGCGCTCGCTCGCTCACTCGACCAAAGGTCGCCCTCTGCGCGCTCGCTCGCTCACTCGACGCCCGGGCTTTGCCCGGGCGGCCT
validation	validationSubject	sample2	chr5+153185226	150	5	5	TCTGCGCGCTCGCTCGCTCACTGGACCAAAGGTCGCCCGACGCCCGGGCTTCTGCGCGCTCGCTCGCTCACTGCGCGCTCGCTCGCTCACTGAGGCCGGG
validation	validationSubject	sample2	chr5+76771830	150	5	5	TCTGCGCGCTCGCTCGCCCCGGGCTTTGCCCGGGCGGCCTCTCTGCGCGCTCGCTCGCCTGAGGCCGGGCGACCAAAGGTC
validation	validationSubject	sample2	chr5-164538252	150	5	5	TCTGCGCGCTCGCTCACTGAGGCCGGGCGACCAAAGGTC
validation	validationSubject	sample2	chr5-50198341	150	5	5	TCTGCGCGCTCGCTCGCGGCTTTGCCCGGGCGG
validation	validationSubject	sample2	chr5-85157482	150	5	5	TCTGCGCGCTCGCTCGCTCAC
validation	validationSubject	sample2	chr5-87505620	150	5	5	TCTGCGCGCTCGCTCGCTCACTGGTCGCCCGACGCCCGGGTCTGCGCGCTCGCTCGCTCACTAGGCCGGGCGACCAAAGGTC
validation	validationSubject	sample2	chr5-88516163	150	5	5	TCTGCGCGCTCGCTCGCTCACTGAGGCGCTCGCTCGCTCACTGAGGCCGGGTCTGCGCGCTCGCTCGCTCACTGAGAAGGTCGCCCGACGCCCGGTCTGCGCGCTCGCTCGCTCACTGAGCGCTCACTGAGGCCGGGCGACCA
validation	validationSubject	sample2	chr6+101460786	150	5	5	TCTGCGCGCTCGCTCGCTCACTGTCGCTCACTGAGGCCGGGCGACCAAAGGTCTCTGCGCGCTCGCTCGCTCACTGCCGGGCGACCAAAGGTTCTGCGCGCTCGCTCGCTCACTGTCACTGAGGCCGGGCGA
validation	validationSubject	sample2	chr6+10467786	150	5	5	TCTGCGCGCTCGCTCGCTCACTGAGGCGCTCGCTCGCTCACTGAGGCCGGGCGTCTGCGCGCTCGCTCGCTCACTGAGGCCGGGCGACCAAAGGTCGCCCG
validation	validationSubject	sample2	chr6+13380701	150	5	5	TCTGCGCGCTCGCTCGCAGGTCGCCCGACGCCCGGGTCTGCGCGCTCGCTCGCACCAAAGGTCGCCCGACGCCCGGGCTCTGCGCGCTCGCTCGCCACTGAGGCCGGGCGACCAAAGGTCGCCC
validation	validationSubject	sample2	chr6+142360563	150	5	5	TCTGCGCGCTCGCTCGCTGCGCTCGCTCGCTCACTGAGGCCGGGC
validation	validationSubject	sample2	chr6+169153925	150	5	5	TCTGCGCGCTCGCTCGCTCACGCTCGCTCACTGAGGCCGGGCGACCAA
validation	validationSubject	sample2	chr6+32449654	150	5	5	TCTGCGCGCTCGCTCGCTCAC
validation	validationSubject	sample2	chr6+55142013	150	5	5	TCTGCGCGCTCGCTCGCGCGCGCTCGCTCGCTCACTTCTGCGCGCTCGCTCGCGCTCACTGAGGCCGGGCGACCAA
validation	validationSubject	sample2	chr6+94636185	150	5	5	TCTGCGCGCTCGCTCG
validation	validationSubject	sample2	chr6-130781197	150	5	5	TCTGCGCGCTCGCTCGCACGCCCGGGCTTTGCCCGGGCGTCTGCGCGCTCGCTCGCGCCCGACGCCCGGGCTTTGCCCG
validation	validationSubject	sample2	chr6-132786944	150	5	5	TCTGCGCGCTCGCTCGCTCTCACTGAGGCCGGGCGACCAAAGGTCGTCTGCGCGCTCGCTCGCTAGGCCGGGCGACCAAAGGTCGCCCGACTCTGCGCGCTCGCTCGCTGCCCGGGCTTTGCCCGGGCGGCCTCAGT
validation	validationSubject	sample2	chr6-6090200	150	5	5	TCTGCGCGCTCGCTCGCTTGAGGCCGGGCGACCAAAGGTCGC
validation	validationSubject	sample2	chr7+101031350	150	5	5	TCTGCGCGCTCGCTCGCTC
validation	validationSubject	sample2	chr7+107777600	150	5	5	TCTGCGCGCTCGCTCGCTCACTG
validation	validationSubject	sample2	chr7+14250402	150	5	5	TCTGCGCGCTCGCTCGCTCACTGAGGCCCGGGCTTTGCCCGGGCGGCCTCAGTG
validation	validationSubject	sample2	chr7+145986877	150	5	5	TCTGCGCGCTCGCTCGCTCACCGACGCCCGGGCTTTGCCCGGGCGGCCTCTCTGCGCGCTCGCTCGCTCACGGCTTTGCCCGGGCGG
validation	validationSubject	sample2	chr7+154013884	150	5	5	TCTGCGCGCTCGCTCGCTCACTGCTGAGGCCGGGCGACCAAAGGTCGCCCGA
validation	validationSubject	sample2	chr7+24681984	150	5	5	TCTGCGCGCTCGCTCGCTCACT
validation	validationSubject	sample2	chr7+76819767	150	5	5	TCTGCGCGCTCGCTCGCTCTCGCCCGACGCCCGGGCTTTGCTCTGCGCGCTCGCTCGCTCCTGAGGCCGGGCGACCAAAG
validation	validationSubject	sample2	chr7-11897195	150	5	5	TCTGCGCGCTCGCTCGCTCACCCAAAGGTCGCCCGACGCC
validation	validationSubject	sample2	chr7-129537027	150	5	5	TCTGCGCGCTCGCTCTTTGCCCGGGCGGCCTCAGTCTGCGCGCTCGCTCTCACTGAGGCCGGGCGACCAAAGGTTCTGCGCGCTCGCTCCTCACTGAGGCCGGGC
validation	validationSubject	sample2	chr7-26397658	150	5	5	TCTGCGCGCTCGCTCGCTCACTGAGGCCGGGCGACCAAAGGTCGC
validation	validationSubject	sample2	chr7-31406039	150	5	5	TCTGCGCGCTCGCTCGCTCACTCGCTCGCTCACTGAGGCCGGGCGACCTCTGCGCGCTCGCTCGCTCACTCACTGAGGCCGGGCGTCTGCGCGCTCGCTCGCTCAGCGCTCGCTCGCTCACTGAGGCCGGG
validation	validationSubject	sample2	chr7-71485099	150	5	5	TCTGCGCGCTCGCTCGCTCACTAGGCCGGGCGACCAAATCTGCGCGCTCGCTCGCTCACTCGCTCACTGAGGCCGGGCGACCATCTGCGCGCTCGCTCGCTCACTTGCGCGCTCGCTCGCTCACTGAG
validation	validationSubject	sample2	chr8-108869395	150	5	5	TCTGCGCGCTCGCTCGCTCACTGGCGCGCTCGCTCGCTCACTCTGCGCGCTCGCTCGCTCACTGAAGGTCGCCCGACGCCCGGGCTTTGCCCG
validation	validationSubject	sample2	chr8-26592487	150	5	5	TCTGCGCGCTCGCTCGCTCACTTCGCTCACTGAGGCCGGGCGACCAAAGGTCTCTGCGCGCTCGCTCGCTCACTGACCAAAGGTCGCCCGAC
validation	validationSubject	sample2	chr8-57003771	150	5	5	TCTGCGCGCTCGCTCGTCGCTCGCTCACTGAGGCCGGGTCTGCGCGCTCGCTCGACCAAAGGTCGCCCGACGCCCGGG
validation	validationSubject	sample2	chr8-59718893	150	5	5	TCTGCGCGCTCGCTCGCTACTGAGGCCGGGCGACCAAA
validation	validationSubject	sample2	chr8-75516254	150	5	5	TCTGCGCGCTCGCTCGCTACGCCCGGGCTTTGCCCGGGCGTCTGCGCGCTCGCTCGCTCCAAAGGTCGCCCGACGCCCGGGCTTCTGCGCGCTCGCTCGCTGGTCGCCCGACGCCCGG
validation	validationSubject	sample2	chr9+113987288	150	5	5	TCTGCGCGCTCGCTCGCAGGTCGCCCGACGCCCGGG
validation	validationSubject	sample2	chr9+61420685	150	5	5	TCTGCGCGCTCGCTCGAGGCCGGGCGACCAAAGGTCTCTGCGCGCTCGCTCGCGCTCACTGAGGCCGG
validation	validationSubject	sample2	chr9-38255295	150	5	5	TCTGCGCGCTCGCTCGCTCACTGCGACGCCCGGGCTTTGCCCGGGCGGCCTCATCTGCGCGCTCGCTCGCTCACTGGCGACCAAAGGTCGCCC
validation	validationSubject	sample2	chr9-5535096	150	5	5	TCTGCGCGCTCGCTCGCTCACGCTTTGCCCGGGCGGCCTCTCTGCGCGCTCGCTCGCTCACTTTGCCCGGGCGGCCTC
validation	validationSubject	sample2	chr9-75765181	150	5	5	TCTGCGCGCTCGCTCGCGCCCGACGCCCGGGCTTTGCCCGGGCGGCC
validation	validationSubject	sample2	chrX+126885539	150	5	5	TCTGCGCGCTCGCTCGCTCGCGCGCTCGCTCGCTCACTCTGCGCGCTCGCTCGCTCTCTGCGCGCTCGCTCGCTCACTGAGTCTGCGCGCTCGCTCGCTCTCGCTCACTGAGGCCGGGCGAC
validation	validationSubject	sample2	chrX-114471827	150	5	5	TCTGCGCGCTCGCTCGCTCATCGCCCGACGCCCGGGCTTTCTGCGCGCTCGCTCGCTCACGCGCTCGCTCGCTCACTG
validation	validationSubject	sample2	chrX-122886021	150	5	5	TCTGCGCGCTCGCTCGCTCATCGCTCGCTCACTGAGGCCGGG
validation	validationSubject	sample2	chrX-37441910	150	5	5	TCTGCGCGCTCGCTCGCTCATGCGCGCTCGCTCGCTCACTGAGGCCGGGCTCTGCGCGCTCGCTCGCTCACTCGCTCGCTCACTGAGGCCGGGTCTGCGCGCTCGCTCGCTCAGCGCTCGCTCGCTCACTGAGGCCGGGCGAC
validation	validationSubject	sample2	chrX-42676666	150	5	5	TCTGCGCGCTCGCTCGCTCACTGA
validation	validationSubject	sample2	chrX-86621495	150	5	5	TCTGCGCGCTCGCTCGCTCACGCCCGGGCTTTGCCCGGGCGGCTCTGCGCGCTCGCTCGCTCCGCCCGGGCTTTGCCCGGGCGGCCTCAGTGTCTGCGCGCTCGCTCGCTCGGTCGCCCGACGCCCGGG
validation	validationSubject	sample3	chr1-165163881	150	5	5	TCTGCGCGCTCGCTCGCTCACTGCCGACGCCCGGGCTTTGCCCG
validation	validationSubject	sample3	chr1-219288264	150	5	5	TCTGCGCGCTCGCTCGCACTGAGGCCGGGCGACCTCTGCGCGCTCGCTCGCGCTTTGCCCGGGCGGCCTC
validation	validationSubject	sample3	chr1-226488640	150	5	5	TCTGCGCGCTCGCTCGCGCGCTCGCTCGCTCACTGAGGCCGGTCTGCGCGCTCGCTCGCGGCCGGGCGACCAAAGGTCGCCCGATCTGCGCGCTCGCTCGCCCGGGCGACCAAAGGTC
validation	validationSubject	sample3	chr1-62969360	150	5	5	TCTGCGCGCTCGCTCGCTCACTGAGCGCTCGCTCGCTCACTTCTGCGCGCTCGCTCGCTCACTGAGCCGACGCCCGGGCTTTGCCC
validation	validationSubject	sample3	chr10+127909110	150	5	5	TCTGCGCGCTCGCTCGCTCACTGAAAAGGTCGCCCGACGCTCTGCGCGCTCGCTCGCTCACTGACGCGCTCGCTCGCTCACTGAGGCCGGGTCTGCGCGCTCGCTCGCTCACTGAGCGCTCGCTCGCTCACTGAG
validation	validationSubject	sample3	chr10+35135395	150	5	5	TCTGCGCGCTCGCTCGCTCACTACCAAAGGTCGCCCGACGCCCTCTGCGCGCTCGCTCGCTCACTACGCCCGGGCTTTGCC
validation	validationSubject	sample3	chr10+93575249	150	5	5	TCTGCGCGCTCGCTCGCTCCCCGGGCTTTGCCCGGGCGGCCTCTGCGCGCTCGCTCGCTCTTGCCCGGGCGGCCTCAGTTCTGCGCGCTCGCTCGCTCAAGGTCGCCCGACGCCCGGGCTTTGCCCG
validation	validationSubject	sample3	chr11+28279178	150	5	5	TCTGCGCGCTCGCTCGCTCACTGCGCGCTCGCTCGCTCACTGAGGCCG
validation	validationSubject	sample3	chr11+4470574	150	5	5	TCTGCGCGCTCGCTCGCT
validation	validationSubject	sample3	chr11+51269525	150	5	5	TCTGCGCGCTCGCTCGCTCACTGA
validation	validationSubject	sample3	chr11-103299512	150	5	5	TCTGCGCGCTCGCTCGCTTCTGCGCGCTCGCTCGTCTGCGCGCTCGCTCGCTCGCGCTCGCTCGCTCACTCTGCGCGCTCGCTCGCTGCTCGCTCGCTCACTGA
validation	validationSubject	sample3	chr11-111967630	150	5	5	TCTGCGCGCTCGCTCGCTCACTGAGGCCGGGCGACCAAAGGTCGCCCGTCTGCGCGCTCGCTCGCTCAAAGGTCGCCCGACGCCCGGGCTTTGCCCG
validation	validationSubject	sample3	chr11-26163061	150	5	5	TCTGCGCGCTCGCTCGCTCACTGAGCCAAAGGTCGCCCGACGCCCGGGCTTTCTGCGCGCTCGCTCGCTCACTGAGGGGCGACCAAAGGTCGCTCTGCGCGCTCGCTCGCTCACTGAGCGCCCGGGCTTTGCCCGGGCG
validation	validationSubject	sample3	chr11-83134944	150	5	5	TCTGCGCGCTCGCTCGCTCAC
validation	validationSubject	sample3	chr11-92005520	150	5	5	TCTGCGCGCTCGCTCGCCGCTCGCTCACTGAGGCCGGGCGACC
validation	validationSubject	sample3	chr12+117467361	150	5	5	TCTGCGCGCTCGCTCGCGCTCGCTCGCTCACTGAG
validation	validationSubject	sample3	chr12+16709104	150	5	5	TCTGCGCGCTCGCTCGCTCAC
validation	validationSubject	sample3	chr12+3965926	150	5	5	TCTGCGCGCTCGCTCGC
validation	validationSubject	sample3	chr12+84166654	150	5	5	TCTGCGCGCTCGCTCGCTCAGACCAAAGGTCGCCCGACGCCCGGGCTTCTGCGCGCTCGCTCGCTCACGCCCGGGCTTTGCCCGGGCG
validation	validationSubject	sample3	chr12-116802008	150	5	5	TCTGCGCGCTCGCTCGCTCACTGCAAAGGTCGCCCGACGCTCTGCGCGCTCGCTCGCTCACTGGCCGGGCGACCAAAGGTC
validation	validationSubject	sample3	chr12-24201100	150	5	5	TCTGCGCGCTCGCTCGCTCACTGAG
validation	validationSubject	sample3	chr12-25318552	150	5	5	TCTGCGCGCTCGCTCGCGCTCGCTCACTGAGGCCGGGCGACCAATCTGCGCGCTCGCTCGGAGGCCGGGCGACCAAAGGTCGCCCG
validation	validationSubject	sample3	chr12-25803149	150	5	5	TCTGCGCGCTCGCTC
validation	validationSubject	sample3	chr12-46254404	150	5	5	TCTGCGCGCTCGCTCGC
validation	validationSubject	sample3	chr12-62111747	150	5	5	TCTGCGCGCTCGCTCGCACTGAGGCCGGGCGACCAAAGGTCGCCC
validation	validationSubject	sample3	chr12-95648343	150	5	5	TCTGCGCGCTCGCTCGCTCACTGA
validation	validationSubject	sample3	chr13+21450531	150	5	5	TCTGCGCGCTCGCTCGCTCACTGAGGACGCCCGGGCTTTGCCCGTCTGCGCGCTCGCTCGCTCACTGAGCACTGAGGCCGGGCGACCATCTGCGCGCTCGCTCGCTCACTGAGCTCGCTCGCTCACTGAGGCCGGGCGAC
validation	validationSubject	sample3	chr13+23797631	150	5	5	TCTGCGCGCTCGCTCGCTGCGCGCTCGCTCGCTCACTCTGCGCGCTCGCTCGCTCTTTGCCCGGGCGGCCTCAGT
validation	validationSubject	sample3	chr13+33706354	150	5	5	TCTGCGCGCTCGCTCGCTCATCGCCCGACGCCCGGGCTTTGC
validation	validationSubject	sample3	chr13+34966105	150	5	5	TCTGCGCGCTCGCTCGCTCACACGCCCGGGCTTTGCCCGGGCGGCC
validation	validationSubject	sample3	chr13+84437461	150	5	5	TCTGCGCGCTCGCTCGCTCACTGCCCGACGCCCGGGCTTTGCCCGGGTCTGCGCGCTCGCTCGCTCACTCTGCGCGCTCGCTCGCTCACTGAGTCTGCGCGCTCGCTCGCTCACTGGCCGGGCGACCAAAGGTCGCCC
validation	validationSubject	sample3	chr13+85034932	150	5	5	TCTGCGCGCTCGCTCGCTCACTCTGAGGCCGGGCGACCAAAGGTCGCCCGATCTGCGCGCTCGCTCGCTCACTTCACTGAGGCCGGGCGA
validation	validationSubject	sample3	chr13+92840992	150	5	5	TCTGCGCGCTCGCTCGCTCGACGCCCGGGCTTTGCCCGGGCGGCCTC
validation	validationSubject	sample3	chr13-102216272	150	5	5	TCTGCGCGCTCGCTCGCTC
validation	validationSubject	sample3	chr13-30321661	150	5	5	TCTGCGCGCTCGCTCGCTCACCGCCCGGGCTTTGCCCGTCTGCGCGCTCGCTCGCTCACCCCGGGCTTTGCCCGGGCGTCTGCGCGCTCGCTCGCTCACGCGACCAAAGGTCGCCCGAC
validation	validationSubject	sample3	chr13-57892612	150	5	5	TCTGCGCGCTCGCTCG
validation	validationSubject	sample3	chr13-90555033	150	5	5	TCTGCGCGCTCGCTCGCTCACGCTCGCTCACTGAGGCCGGGCG
validation	validationSubject	sample3	chr13-91429683	150	5	5	TCTGCGCGCTCGCTCGCTCACGCCCGGGCTTTGCCCGGGCGGCCTCTGCGCGCTCGCTCGCTCCGCGCTCGCTCGCTCACTGAGGCCGTCTGCGCGCTCGCTCGCTCCGCTCGCTCACTGAGGCCGGGCG
validation	validationSubject	sample3	chr14+57792796	150	5	5	TCTGCGCGCTCGCTCGGCGCGCTCGCTCGCTCACTTCTGCGCGCTCGCTCGTGCGCGCTCGCTCGCTCAC
validation	validationSubject	sample3	chr14+63788364	150	5	5	TCTGCGCGCTCGCTCGCTGGGCGACCAAAGGTCGCCCGTCTGCGCGCTCGCTCGCTTGCGCGCTCGCTCGCTCACTCTGCGCGCTCGCTCGCTTGCGCGCTCGCTCGCTCACTGAGGCCGGG
validation	validationSubject	sample3	chr14+79024994	150	5	5	TCTGCGCGCTCGCTCGCTCCCGACGCCCGGGCTTTGCCCGGGCG
validation	validationSubject	sample3	chr14-67327688	150	5	5	TCTGCGCGCTCGCTCGCTCACTGAGGGTCGCCCGACGCCCGGGCTTTGCCCGGGC
validation	validationSubject	sample3	chr15+30701433	150	5	5	TCTGCGCGCTCGCTCGCTCCCAAAGGTCGCCCGACGCCC
validation	validationSubject	sample3	chr15+58751635	150	5	5	TCTGCGCGCTCGCTCGCTCACTCCAAAGGTCGCCCGACGCCCGGGCTT
validation	validationSubject	sample3	chr15+90733504	150	5	5	TCTGCGCGCTCGCTCGCTCACTG
validation	validationSubject	sample3	chr15-45868967	150	5	5	TCTGCGCGCTCGCTCGC
validation	validationSubject	sample3	chr15-83169079	150	5	5	TCTGCGCGCTCGCTCGCTCACTGA
validation	validationSubject	sample3	chr15-89463681	150	5	5	TCTGCGCGCTCGCTCGCTCATGAGGCCGGGCGACCAAATCTGCGCGCTCGCTCGCTCAGGTCGCCCGACGCCCGTCTGCGCGCTCGCTCGCTCACGCGCTCGCTCGCTCACTG
validation	validationSubject	sample3	chr15-91331721	150	5	5	TCTGCGCGCTCGCTCGC
validation	validationSubject	sample3	chr16+55978184	150	5	5	TCTGCGCGCTCGCTCGCTCACTGAGGCCGGGCGACCAAA
validation	validationSubject	sample3	chr16+65116568	150	5	5	TCTGCGCGCTCGCTCGCTCACTGAGCGCGCTCGCTCGCTCACTGAGGCCGGGCTCTGCGCGCTCGCTCGCTCACTGAGCGCTCGCTCGCTCACTGAGGCC
validation	validationSubject	sample3	chr16-20052249	150	5	5	TCTGCGCGCTCGCTCGCGCGCTCGCTCGCTCACTGA
validation	validationSubject	sample3	chr16-29028525	150	5	5	TCTGCGCGCTCGCTCGCTCA
validation	validationSubject	sample3	chr16-50843207	150	5	5	TCTGCGCGCTCGCTCGCGCCCGACGCCCGGGCTTTG
validation	validationSubject	sample3	chr16-84211370	150	5	5	TCTGCGCGCTCGCTCGCTCACTGA
validation	validationSubject	sample3	chr17+31963608	150	5	5	TCTGCGCGCTCGCTCGCTCACTCACTGAGGCCGGGCGACCAAAGGTCTCTGCGCGCTCGCTCGCTCACTCCGGGCGACCAAAGGTCTCTGCGCGCTCGCTCGCTCACTCGCCCGGGCTTTGCCCG
validation	validationSubject	sample3	chr17+48059361	150	5	5	TCTGCGCGCTCGCTCGCT
validation	validationSubject	sample3	chr17+51519666	150	5	5	TCTGCGCGCTCGCTCGCTCAGCGACCAAAGGTCGCCCGACGCCCGGGCTTCTGCGCGCTCGCTCGCTCAGAGGCCGGGCGACCAAAGGTCTCTGCGCGCTCGCTCGCTCAGCGCGCTCGCTCGCTCAC
validation	validationSubject	sample3	chr17+64150267	150	5	5	TCTGCGCGCTCGCTCGCTCACTGA
validation	validationSubject	sample3	chr17+70615954	150	5	5	TCTGCGCGCTCGCTCCGCCCGGGCTTTGCCCGGGCG
validation	validationSubject	sample3	chr17-26866060	150	5	5	TCTGCGCGCTCGCTCGGCCCGGGCTTTGCCCGGGCGGCCTCTGCGCGCTCGCTCGGCGCTCGCTCGCTCACTGAG
validation	validationSubject	sample3	chr17-43860062	150	5	5	TCTGCGCGCTCGCTCCGCTCGCTCACTGAGGCCGGGTCTGCGCGCTCGCTCAGGCCGGGCGACCAAAGGTCGTCTGCGCGCTCGCTCCGCGCTCGCTCGCTCACTGAGGCC
validation	validationSubject	sample3	chr17-5948105	150	5	5	TCTGCGCGCTCGCTCGCTCACTGAGCTCACTGAGGCCGGGCGTCTGCGCGCTCGCTCGCTCACTGAGCGCTCGCTCGCTCACTGAGGCCGG
validation	validationSubject	sample3	chr17-69554138	150	5	5	TCTGCGCGCTCGCTCGCTCACTGCTCGCTCACTGAGGCCGGGCGAC
validation	validationSubject	sample3	chr17-76412865	150	5	5	TCTGCGCGCTCGCTCG
validation	validationSubject	sample3	chr19+16468728	150	5	5	TCTGCGCGCTCGCTCGCTCACTGAGACTGAGGCCGGGCGACCTCTGCGCGCTCGCTCGCTCACTGAGTCTGCGCGCTCGCTCGCTCACTGAGG
validation	validationSubject	sample3	chr19+27286835	150	5	5	TCTGCGCGCTCGCTCGCTCAC
validation	validationSubject	sample3	chr19-10624150	150	5	5	TCTGCGCGCTCGCTCGCTCACTGGGCTTTGCCCGGGCGGCCTTCTGCGCGCTCGCTCGCTCACTGAGGTCGCCCGACGCCCGGGCTTT
validation	validationSubject	sample3	chr19-25098017	150	5	5	TCTGCGCGCTCGCTCGCTCACCTGAGGCCGGGCGACCAAAGGTCTGCGCGCTCGCTCGCTCACCGCTCACTGAGGCCGGGCGACCATCTGCGCGCTCGCTCGCTCACCGACCAAAGGTCGCCCGACGCCC
validation	validationSubject	sample3	chr19-3350413	150	5	5	TCTGCGCGCTCGCTCGCACTGAGGCCGGGCGACCAAAGGTCGCCCG
validation	validationSubject	sample3	chr2+110528817	150	5	5	TCTGCGCGCTCGCTCGCTCACTGA
validation	validationSubject	sample3	chr2+183712181	150	5	5	TCTGCGCGCTCGCTCGCTCA
validation	validationSubject	sample3	chr2+224524920	150	5	5	TCTGCGCGCTCGCTCGCCCGGGCGACCAAAGGTCGCCCGACGTCTGCGCGCTCGCTCGCTCGCCCGACGCCCGGGCTTTG
validation	validationSubject	sample3	chr2+37831668	150	5	5	TCTGCGCGCTCGCTCGCTCACCGCTCGCTCGCTCACTTCTGCGCGCTCGCTCGCTCACGCGCGCTCGCTCGCTCACTCTGCGCGCTCGCTCGCTCACGCCCGGGCTTTGCCCGGGCGGCCTC
validation	validationSubject	sample3	chr2-131229665	150	5	5	TCTGCGCGCTCGCTCGC
validation	validationSubject	sample3	chr2-132708334	150	5	5	TCTGCGCGCTCGCTCGCTCACTGACCCGACGCCCGGGCTTTTCTGCGCGCTCGCTCGCTCACTGACTGAGGCCGGGCGACCAAAGGTCGCCCGATCTGCGCGCTCGCTCGCTCACTGACGCTCGCTCACTGAGGCCGGGCG
validation	validationSubject	sample3	chr2-8077886	150	5	5	TCTGCGCGCTCGCTCGCTCACTGAGGCCGGGCGACCAAAGGTCGCCCGTCTGCGCGCTCGCTCGCTCCGACCAAAGGTCGCCCGACGCCCGGGCTT
validation	validationSubject	sample3	chr20+24040700	150	5	5	TCTGCGCGCTCGCTC
validation	validationSubject	sample3	chr20+24943274	150	5	5	TCTGCGCGCTCGCTCGCTCGAGGCCGGGCGACCAAAGGTCGCCTCTGCGCGCTCGCTCGCTCTGCCCGGGCGGCCTCAGTGTCTGCGCGCTCGCTCGCTCGCGACCAAAGGTCGCCCGACGCCCG
validation	validationSubject	sample3	chr20+28382329	150	5	5	TCTGCGCGCTCGCTCGCTCCCGGGCTTTGCCCGGGCGGCCTCTCTGCGCGCTCGCTCGCTACTGAGGCCGGGCGACCAAATCTGCGCGCTCGCTCGCTTGCCCGGGCGGCCTCA
validation	validationSubject	sample3	chr20+42671332	150	5	5	TCTGCGCGCTCGCTCGCCCGGGCTTTGCCCGGGCGGCCTCAGTCTGCGCGCTCGCTCCTCACTGAGGCCGGGC
validation	validationSubject	sample3	chr20+54628972	150	5	5	TCTGCGCGCTCGCTCGCTCACTGAGACCAAAGGTCGCCCGACGCCCG
validation	validationSubject	sample3	chr20-37492224	150	5	5	TCTGCGCGCTCGCTCGCTCACGGTCGCCCGACGCCCGTCTGCGCGCTCGCTCGCTCACGGCGACCAAAGGTCGCCCGACGCC
validation	validationSubject	sample3	chr20-37621821	150	5	5	TCTGCGCGCTCGCTCGCCCGGGCTTTGCCCGGGCGGCCTCATCTGCGCGCTCGCTCGCACCAAAGGTCGCCCGAC
validation	validationSubject	sample3	chr20-54078486	150	5	5	TCTGCGCGCTCGCTCGCTCACTGAGGCCGGGCGACCAAA
validation	validationSubject	sample3	chr20-54628969	150	5	5	TCTGCGCGCTCGCTCGCTC
validation	validationSubject	sample3	chr20-55452001	150	5	5	TCTGCGCGCTCGCTC
validation	validationSubject	sample3	chr21+18429655	150	5	5	TCTGCGCGCTCGCTCAGGTCGCCCGACGCCCGGGCTTTGCCCGG
validation	validationSubject	sample3	chr21+22066312	150	5	5	TCTGCGCGCTCGCTCG
validation	validationSubject	sample3	chr21+24248159	150	5	5	TCTGCGCGCTCGCTCGCTCAC
validation	validationSubject	sample3	chr21+31065386	150	5	5	TCTGCGCGCTCGCTCGCTCACTGAGGCTTTGCCCGGGCGGTCTGCGCGCTCGCTCGCTCACTGAACGCCCGGGCTTTGCCCGGGCGGC
validation	validationSubject	sample3	chr21+37084483	150	5	5	TCTGCGCGCTCGCTCGCTCACTCGCTCGCTCACTGAGGC
validation	validationSubject	sample3	chr21+39359672	150	5	5	TCTGCGCGCTCGCTCCTGAGGCCGGGCGACCAAAGGTCGCCCGATCTGCGCGCTCGCTCCGCTCGCTCACTGAGGCCGGG
validation	validationSubject	sample3	chr21+42078535	150	5	5	TCTGCGCGCTCGCTCGCTCACTTCTGCGCGCTCGCTCGCTCAC
validation	validationSubject	sample3	chr21-10466872	150	5	5	TCTGCGCGCTCGCTCGCTCGGCTTTGCCCGGGCGGCCTCAGTG
validation	validationSubject	sample3	chr21-36472142	150	5	5	TCTGCGCGCTCGCTCGCTCACTGGACCAAAGGTCGCCCGACGCCCGGGCT
validation	validationSubject	sample3	chr21-5311750	150	5	5	TCTGCGCGCTCGCTCGCTCACTGTCGCTCACTGAGGCCGGGCGTCTGCGCGCTCGCTCGCTCACTGTGAGGCCGGGCGACCAAA
validation	validationSubject	sample3	chr22+14361800	150	5	5	TCTGCGCGCTCGCTCTGAGGCCGGGCGACCAAAGGTCGCCCG
validation	validationSubject	sample3	chr22+43410815	150	5	5	TCTGCGCGCTCGCTCGCTCACAGGTCGCCCGACGCCCTCTGCGCGCTCGCTCGCTCACGCTCACTGAGGCCGGGCGACCAAAGGTCTGCGCGCTCGCTCGCTCACCTGCGCGCTCGCTCGCTCACTGAGGCCG
validation	validationSubject	sample3	chr22-35138922	150	5	5	TCTGCGCGCTCGCTCGCCTGCGCGCTCGCTCGCTCACTGATCTGCGCGCTCGCTCGCCGACCAAAGGTCGCCCTCTGCGCGCTCGCTCGCGCTCACTGAGGCCGGGCGACCAAAGGTCGC
validation	validationSubject	sample3	chr22-43280341	150	5	5	TCTGCGCGCTCGCTCGGTCGCCCGACGCCCGG
validation	validationSubject	sample3	chr3+167451188	150	5	5	TCTGCGCGCTCGCTCGCTCACTGA
validation	validationSubject	sample3	chr3-103394705	150	5	5	TCTGCGCGCTCGCTCGCTCACTCACTGAGGCCGGGCG
validation	validationSubject	sample3	chr3-193920673	150	5	5	TCTGCGCGCTCGCTCGCTTTTGCCCGGGCGGCCTCAGTGTCTGCGCGCTCGCTCGCTACGCCCGGGCTTTGCCCGGG
validation	validationSubject	sample3	chr3-195139134	150	5	5	TCTGCGCGCTCGCTCGCTCACTGAACCAAAGGTCGCCCGACGCCCTCTGCGCGCTCGCTCGCTCACTGAAGGCCGGGCGACCAAAGGTCGTCTGCGCGCTCGCTCGCTCACTGAGAGGCCGGGCGACCAAA
validation	validationSubject	sample3	chr3-24056523	150	5	5	TCTGCGCGCTCGCTCGCTCACTGAGCGACCAAAGGTCGCCCGACGCCCGGGCTTCTGCGCGCTCGCTCGCTCACTGACTCGCTCACTGAGGCCGGGCGACCTCTGCGCGCTCGCTCGCTCACTGAGGGCGACCAAAGGTCGC
validation	validationSubject	sample3	chr3-40232843	150	5	5	TCTGCGCGCTCGCTCGCTCACCGACGCCCGGGCTTTGCCCGGGTCTGCGCGCTCGCTCGCTCACGGCCGGGCGACCAAAGGTCGCCCGACGC
validation	validationSubject	sample3	chr4+168613265	150	5	5	TCTGCGCGCTCGCTCGCCAAAGGTCGCCCGACGCCCGGGCTT
validation	validationSubject	sample3	chr4+70078040	150	5	5	TCTGCGCGCTCGCTCGGAGGCCGGGCGACCAAATCTGCGCGCTCGCTCGAAAGGTCGCCCGACGCCCGGGCTTCTGCGCGCTCGCTCGACGCCCGGGCTTTGCC
validation	validationSubject	sample3	chr4-122921877	150	5	5	TCTGCGCGCTCGCTCGCTCACTCTGCGCGCTCGCTCGCTCACTCTGCGCGCTCGCTCGCTCACTCCAAAGGTCGCCCGACGCCC
validation	validationSubject	sample3	chr4-31903519	150	5	5	TCTGCGCGCTCGCTCGCTCAGCTCGCTCACTGAGGCCGTCTGCGCGCTCGCTCGCTCAGCGCTCGCTCGCTCACTGAGGCCGGGCGAC
validation	validationSubject	sample3	chr4-62033185	150	5	5	TCTGCGCGCTCGCTCGCTCACTGCGCGCTCGCTCGCTCACTGAGGCCGGGCTCTGCGCGCTCGCTCGCTCACAGGCCGGGCGACCAAAGGTCGCCCGATCTGCGCGCTCGCTCGCTCACACTGAGGCCGGGCGACCAAAGGTC
validation	validationSubject	sample3	chr4-82957196	150	5	5	TCTGCGCGCTCGCTCGCTCAC
validation	validationSubject	sample3	chr4-83488410	150	5	5	TCTGCGCGCTCGCTCGCTCACACTGAGGCCGGGCGACCA
validation	validationSubject	sample3	chr4-91443398	150	5	5	TCTGCGCGCTCGCTCGCTCACTTGAGGCCGGGCGACCAAAGGTCGTCTGCGCGCTCGCTCGCTCACTTCTGCGCGCTCGCTCGCTCACTGAGGCTCTGCGCGCTCGCTCGCTCACTGCTCGCTCGCTCACTGA
validation	validationSubject	sample3	chr5+141304107	150	5	5	TCTGCGCGCTCGCTC
validation	validationSubject	sample3	chr5+24590741	150	5	5	TCTGCGCGCTCGCTCGCTCACCCAAAGGTCGCCCGACGCCCGGGCTTCTGCGCGCTCGCTCGCTCACCGACGCCCGGGCTTTGCCCGGGCGGCCTCTCTGCGCGCTCGCTCGCTCACCGCCCGACGCCCGGGCTTTG
validation	validationSubject	sample3	chr5+3169861	150	5	5	TCTGCGCGCTCGCTCGCTCACTGAGCGCTCACTGAGGCCGGGCGACCTCTGCGCGCTCGCTCGCTCACTGAGGCCGGGCGACCAAAGGTCGCCC
validation	validationSubject	sample3	chr5-107210717	150	5	5	TCTGCGCGCTCGCTCGGGCTTTGCCCGGGCGGCCTCATCTGCGCGCTCGCTCGGCCGGGCGACCAAAGGTCGCCCG
validation	validationSubject	sample3	chr5-109442072	150	5	5	TCTGCGCGCTCGCTCGCAGGTCGCCCGACGCCCGGGCTTTGCCTCTGCGCGCTCGCTCGCGCGCTCGCTCGCTCACTGAGGCCGGGTCTGCGCGCTCGCTCGCGAGGCCGGGCGACCAAAGGTCGCCCGACGC
validation	validationSubject	sample3	chr5-121940777	150	5	5	TCTGCGCGCTCGCTCGCTCACTGAGGCGCGCTCGCTCGCTCACTGAGGCCGGTCTGCGCGCTCGCTCGCTCACTGAGGAGGCCGGGCGACCAAAGGTCTGCGCGCTCGCTCGCTCACTGAGAAGGTCGCCCGACGCCCGGGCT
validation	validationSubject	sample3	chr5-29657024	150	5	5	TCTGCGCGCTCGCTCGCTCACTGCGCGCTCGCTCGCTCACTGAGGCCGTCTGCGCGCTCGCTCGCTCACTGAGGCCGGGCGACCAAAGGTCTGCGCGCTCGCTCGCTCACTGACCAAAGGTCGCCCGACGCCC
validation	validationSubject	sample3	chr5-45338265	150	5	5	TCTGCGCGCTCGCTCGCTCACTGGTCGCCCGACGCCCGGGCTTTGCCCGGGCG
validation	validationSubject	sample3	chr6+130326527	150	5	5	TCTGCGCGCTCGCTCGTGAGGCCGGGCGACCAAAGGTCGCCCGACGTCTGCGCGCTCGCTCGACGCCCGGGCTTTGCC
validation	validationSubject	sample3	chr6+40987318	150	5	5	TCTGCGCGCTCGCTCGCTCCTTTGCCCGGGCGGCCTCAGTTCTGCGCGCTCGCTCGCTCGCTTTGCCCGGGCGGCCTCAGTG
validation	validationSubject	sample3	chr6-10230018	150	5	5	TCTGCGCGCTCGCTCGCT
validation	validationSubject	sample3	chr6-58637078	150	5	5	TCTGCGCGCTCGCTCGCTCACTGAGGCCGGGCGACCAAAGGTCGCCCGACGCC
validation	validationSubject	sample3	chr7+10058870	150	5	5	TCTGCGCGCTCGCTCGCTCACT
validation	validationSubject	sample3	chr7+128456097	150	5	5	TCTGCGCGCTCGCTCGCTCACTGCTTTGCCCGGGCGGCCTCTCTGCGCGCTCGCTCGCTCACTAGGTCGCCCGACGCCCGGGCTTTGCCTCTGCGCGCTCGCTCGCTCACTCGCTCGCTCACTGAGGCCGGGCG
validation	validationSubject	sample3	chr7+62036083	150	5	5	TCTGCGCGCTCGCTCGCTCACTGCTCGCTCGCTCACTGAGG
validation	validationSubject	sample3	chr7+77238836	150	5	5	TCTGCGCGCTCGCTCGCTCACTGGGGCTTTGCCCGGGCGGCCTCTGCGCGCTCGCTCGCTCACTGGAGGCCGGGCGACCAAAGGTCTCTGCGCGCTCGCTCGCTCACTGGGGCTTTGCCCGGGCGGCCTCAGT
validation	validationSubject	sample3	chr7-101572024	150	5	5	TCTGCGCGCTCGCTCGCTCACTGAGGCCCGACGCCCGGGCTTTGCCCGGGCGTCTGCGCGCTCGCTCGCTCACTGAGGACCAAAGGTCGCCCGACGCCCG
validation	validationSubject	sample3	chr7-104634170	150	5	5	TCTGCGCGCTCGCTCGCTCACCCGGGCTTTGCCCGGGCGGCCTCTCTGCGCGCTCGCTCGCTCACGCTCGCTCACTGAGGCCGGGCGACCTCTGCGCGCTCGCTCGCTCACGGGCGACCAAAGGTCGCCCGACGCCCG
validation	validationSubject	sample3	chr7-136017143	150	5	5	TCTGCGCGCTCGCTCGCTCACTGAGGCCCGGGCTTTGCCCGG
validation	validationSubject	sample3	chr7-148185330	150	5	5	TCTGCGCGCTCGCTCGCTCACTGCTTTGCCCGGGCGGCCTCAGTTCTGCGCGCTCGCTCGCTCACTGCCCGGGCTTTGCCCGGGCGGCCTC
validation	validationSubject	sample3	chr7-55317316	150	5	5	TCTGCGCGCTCGCTCCGCTCGCTCGCTCACTTCTGCGCGCTCGCTCCTTTGCCCGGGCGGCCTCAGT
validation	validationSubject	sample3	chr7-57490693	150	5	5	TCTGCGCGCTCGCTCGCTCACTCCGGGCGACCAAAGGTCGCTCTGCGCGCTCGCTCGCTCACTTTGCCCGGGCGGCCTCAGTGTCTGCGCGCTCGCTCGCTCACTGCGCGCTCGCTCGCTCACTGAG
validation	validationSubject	sample3	chr7-78795843	150	5	5	TCTGCGCGCTCGCTCGAAGGTCGCCCGACGCCCGGGCTTTGCCCGGTCTGCGCGCTCGCTCGCGCTCGCTCACTGAGGCC
validation	validationSubject	sample3	chr8+100410686	150	5	5	TCTGCGCGCTCGCTCGCTGAGGCCGGGCGACCAAAGGTCG
validation	validationSubject	sample3	chr8+58530839	150	5	5	TCTGCGCGCTCGCTCGCTCAGGTCGCCCGACGCCCGGGCTTTGCCCGTCTGCGCGCTCGCTCGCTCACGCCCGGGCTTTGCCCGGGCGTCTGCGCGCTCGCTCGCTCAACTGAGGCCGGGCGACCAAAGGTCGCCC
validation	validationSubject	sample3	chr8-124380274	150	5	5	TCTGCGCGCTCGCTCTGCCCGGGCGGCCTCA
validation	validationSubject	sample3	chr8-26007283	150	5	5	TCTGCGCGCTCGCTCGCTC
validation	validationSubject	sample3	chr8-57315311	150	5	5	TCTGCGCGCTCGCTCGCTTTGCCCGGGCGGCCTCTCTGCGCGCTCGCTCGCGCTCACTGAGGCCGGGCGACCAAAGG
validation	validationSubject	sample3	chr9+110561488	150	5	5	TCTGCGCGCTCGCTCG
validation	validationSubject	sample3	chr9+111936670	150	5	5	TCTGCGCGCTCGCTCGGTCGCCCGACGCCCGGG
validation	validationSubject	sample3	chr9+32291921	150	5	5	TCTGCGCGCTCGCTC
validation	validationSubject	sample3	chr9+78047446	150	5	5	TCTGCGCGCTCGCTCGC
validation	validationSubject	sample3	chr9-127276786	150	5	5	TCTGCGCGCTCGCTCGCTCACCGACCAAAGGTCGCCCGACGCCCTCTGCGCGCTCGCTCGCTCACCTGCGCGCTCGCTCGC
validation	validationSubject	sample3	chr9-94409917	150	5	5	TCTGCGCGCTCGCTCCGCGCTCGCTCGCTCACTGTCTGCGCGCTCGCTCCCGGGCGACCAAAGGT
validation	validationSubject	sample3	chr9-97634159	150	5	5	TCTGCGCGCTCGCTC
validation	validationSubject	sample3	chrX+154593566	150	5	5	TCTGCGCGCTCGCTCGCTCACACTGAGGCCGGGCGACCAAA
validation	validationSubject	sample3	chrX-103691955	150	5	5	TCTGCGCGCTCGCTCGCTCACT
validation	validationSubject	sample3	chrX-104328739	150	5	5	TCTGCGCGCTCGCTCGCTCTGAGGCCGGGCGACCAAAGGTCGCCCGACGTCTGCGCGCTCGCTCGCTCGCGACCAAAGGTCGCCCTCTGCGCGCTCGCTCGCTCTGCGCGCTCGCTCGCTCACTGAGGCCGGGC
validation	validationSubject	sample3	chrX-42795831	150	5	5	TCTGCGCGCTCGCTCGCTCACTGCCCGGGCTTTGCCCGGG
validation	validationSubject	sample3	chrX-92330067	150	5	5	TCTGCGCGCTCGCTCGCTCAGCTCACTGAGGCCGGGCG
validation	validationSubject	sample3	chrX-95160382	150	5	5	TCTGCGCGCTCGCTCGCTCA
